,0,1
0,5.0,3.563839624273917
1,21.0,3.3139337800653053
2,35.0,2.6519290470011714
3,57.0,2.734957438034588
4,81.0,2.597105557421719
5,98.0,2.514267407995142
6,109.0,1.6131869615295553
7,126.0,1.5372299062000407
8,142.0,1.2184386204135564
9,158.0,1.3359114351461252
10,169.0,1.2441579921191972
11,176.0,1.511504877761916
12,195.0,2.2579145631418345
13,217.0,2.988020102421819
14,223.0,3.2220406671503703
15,238.0,2.6093133542580462
16,253.0,2.568495571090748
17,273.0,3.101435444290548
18,290.0,3.008288431724433
19,309.0,2.6345380916269767
20,325.0,2.8763625392122547
21,346.0,3.2889944112071956
22,368.0,2.9711323360548603
23,388.0,2.6639347480265543
24,398.0,2.7769857790193377
25,422.0,2.775488337808011
26,444.0,2.880513551544652
27,461.0,3.1617692971977185
28,478.0,2.7989940350034233
29,497.0,2.940318046600147
30,511.0,2.3662706427723537
31,530.0,2.5786379602351626
32,544.0,2.8402338797712336
33,558.0,2.985950373883018
34,577.0,2.4812545576235423
35,596.0,2.7158301497628976
36,610.0,2.255356797563955
37,625.0,2.202178197230482
38,640.0,2.0404781127855216
39,654.0,1.267302847413499
40,668.0,0.9584832102835071
41,686.0,1.0116399055137895
42,702.0,0.7363840366814518
43,718.0,0.7964116797322093
44,735.0,0.826212304588166
45,757.0,0.793316616643215
46,771.0,1.1370702753098934
47,783.0,1.2169676748514926
48,793.0,1.3811546445155873
49,808.0,1.2595463917797824
50,828.0,1.4948786142107864
51,844.0,1.5419700652952453
52,855.0,1.9584573260397473
53,870.0,2.5653738822596845
54,894.0,2.735744779721568
55,908.0,2.9614991969218876
56,927.0,2.4944345509972483
57,949.0,2.244245881458404
58,970.0,2.9143062298218174
59,990.0,2.940749945307974
60,1009.0,2.364186835274192
61,1016.0,2.4903099085475255
62,1035.0,2.9617476602748023
63,1045.0,2.845239929704812
64,1052.0,1.993756708549206
65,1059.0,1.3017749086324855
66,1081.0,0.93488986063792
67,1105.0,0.722143218994415
68,1121.0,0.5393099649478124
69,1137.0,0.5336831866473314
70,1148.0,0.743109191556805
71,1169.0,1.1050184422355414
72,1189.0,1.064878656981188
73,1213.0,1.166484726296289
74,1229.0,1.424713613382998
75,1243.0,1.6505905003147696
76,1260.0,1.7352655294339703
77,1271.0,2.1003600734283094
78,1290.0,2.2933420728918485
79,1312.0,2.394746623045943
80,1327.0,2.3239329789344803
81,1351.0,2.142760695501578
82,1373.0,2.221948727884882
83,1390.0,2.0615549258039927
84,1409.0,1.8737744036508108
85,1423.0,1.4452312275221397
86,1438.0,0.8446033888125889
87,1455.0,0.8149944415784314
88,1467.0,0.7819853479891384
89,1487.0,0.7087524910178808
90,1502.0,0.9716258280219321
91,1518.0,1.4361648942035108
92,1542.0,1.6618129480860955
93,1549.0,2.14323775131412
94,1561.0,2.8504817921781247
95,1577.0,3.1791832273325085
96,1593.0,2.9141731951460215
97,1607.0,2.949800228130571
98,1614.0,2.293042539883453
99,1638.0,2.2634154398099686
100,1652.0,2.341117839103874
101,1669.0,2.1096285591140695
102,1686.0,2.164027919900667
103,1701.0,1.6726771405775096
104,1707.0,1.3753943643283826
105,1729.0,1.7761042070717294
106,1753.0,1.6219389324799949
107,1763.0,1.2653870488127166
108,1787.0,1.4784547551603606
109,1802.0,1.6193755564464618
110,1813.0,1.7367141387865326
111,1830.0,2.2772292151451703
112,1842.0,2.2709178706714974
113,1866.0,1.9572895497635594
114,1888.0,1.5714624687186227
115,1907.0,1.594730614796502
116,1927.0,1.2974798108291976
117,1951.0,1.3223538893524214
118,1958.0,1.0969620762815506
119,1977.0,1.720567641470665
120,1992.0,2.0796979089897922
121,2011.0,1.824056627365762
122,2022.0,1.7304928824020456
123,2033.0,1.8840277635869946
124,2054.0,2.3257651198694034
125,2069.0,1.443627802661481
126,2075.0,2.1323091588275287
127,2095.0,1.5865735587106526
128,2109.0,1.3728909416228512
129,2123.0,1.6515045815077052
130,2148.0,1.9792504307960173
131,2154.0,2.0979125935147005
132,2168.0,2.23705644758832
133,2180.0,2.137943408463271
134,2197.0,1.5975358773617625
135,2216.0,1.0900888526598977
136,2231.0,0.9550276898086317
137,2255.0,0.947523097543296
138,2272.0,1.816078142003607
139,2288.0,2.5890090711907443
140,2305.0,2.470891646749711
141,2324.0,1.3820814684170064
142,2335.0,1.3615296042282579
143,2342.0,1.876710179775409
144,2352.0,1.6398988636380751
145,2363.0,1.7700614613097845
146,2379.0,1.7256653094677117
147,2395.0,1.7501380034398917
148,2417.0,1.7716132587526512
149,2432.0,1.79062067332962
150,2451.0,1.867605383984289
151,2462.0,2.156177625268344
152,2473.0,2.7034137293037857
153,2493.0,3.3807180407426816
154,2507.0,2.5629115881102322
155,2526.0,3.4714572231531404
156,2533.0,4.878880559547958
157,2547.0,3.4275627546696623
158,2554.0,1.872737592880461
159,2570.0,1.5094249455585966
160,2595.0,1.833711972358644
161,2601.0,1.8163501326532088
162,2620.0,1.9626015217892157
163,2636.0,1.764476298476737
164,2652.0,1.4608314184768925
165,2668.0,0.9921863166144453
166,2693.0,1.4476283980920257
167,2699.0,1.414658072396371
168,2711.0,1.273164804271982
169,2721.0,1.7144771194916835
170,2745.0,1.188188957472156
171,2759.0,1.5737609553233296
172,2774.0,1.4319531493046243
173,2786.0,1.1718955745864754
174,2800.0,1.941405104710257
175,2807.0,2.8051432311369715
176,2827.0,2.738627869702697
177,2844.0,2.987056769596061
178,2854.0,3.084294256462608
179,2873.0,3.26026421419529
180,2880.0,2.955091939085099
181,2897.0,3.0152154726138636
182,2914.0,3.4233569190408173
183,2925.0,2.6704924256845324
184,2940.0,2.1891041103896685
185,2958.0,1.8527582192654946
186,2964.0,1.7107045767960076
187,2980.0,1.6740486196472228
188,2996.0,1.5499876718618653
189,3010.0,1.5040238634739989
190,3034.0,1.044122825112112
191,3049.0,0.9905646160520352
192,3073.0,2.794191841550853
193,3089.0,3.0868385675963905
194,3108.0,3.1756949703498445
195,3120.0,3.3728872679956865
196,3131.0,3.0473851064657307
197,3147.0,2.905783941617359
198,3157.0,3.068792396438488
199,3176.0,2.6860149036437546
200,3197.0,2.356164714713698
201,3214.0,1.628400899190031
202,3225.0,1.4309723311085651
203,3242.0,1.5600413007341984
204,3257.0,1.128202550252243
205,3276.0,1.324030978848069
206,3288.0,1.1848658644525698
207,3302.0,0.9246468256634515
208,3323.0,1.5497710271466933
209,3342.0,1.446474477806011
210,3369.0,1.8014589183428573
211,3375.0,2.4061392598472926
212,3392.0,2.4087305667041545
213,3419.0,2.921597865853022
