Time_ns,NativeQ,Count
0.4,0.5000,34
0.5,0.4888,33
0.6,0.4814,33
0.7,0.4781,32
0.8,0.4834,33
0.9,0.4919,33
1.0,0.4760,32
1.1,0.4891,33
1.2,0.4856,33
1.3,0.4882,33
1.4,0.4844,33
1.5,0.4883,33
1.6,0.4730,32
1.7,0.4709,32
1.8,0.4765,32
1.9,0.4808,33
2.0,0.4756,32
2.1,0.4803,33
2.2,0.4863,33
2.3,0.4883,33
2.4,0.4987,34
2.5,0.4820,33
2.6,0.4848,33
2.7,0.4735,32
2.8,0.4655,32
2.9,0.4783,33
3.0,0.4930,34
3.1,0.4807,33
3.2,0.4855,33
3.3,0.4824,33
3.4,0.4856,33
3.5,0.4788,33
3.6,0.4726,32
3.7,0.4724,32
3.8,0.4782,32
3.9,0.4822,33
4.0,0.4867,33
4.1,0.4937,34
4.2,0.4944,34
4.3,0.4919,33
4.4,0.4796,33
4.5,0.4762,32
4.6,0.4836,33
4.7,0.4866,33
4.8,0.4804,33
4.9,0.4781,32
5.0,0.4848,33
5.1,0.4876,33
5.2,0.4707,32
5.3,0.4755,32
5.4,0.4822,33
5.5,0.4826,33
5.6,0.4892,33
5.7,0.4902,33
5.8,0.4770,32
5.9,0.4787,33
6.0,0.4764,32
6.1,0.4872,33
6.2,0.4650,32
6.3,0.4804,33
6.4,0.4686,32
6.5,0.4754,32
6.6,0.4757,32
6.7,0.4788,33
6.8,0.4806,33
6.9,0.4826,33
7.0,0.4820,33
7.1,0.4802,33
7.2,0.4769,32
7.3,0.4827,33
7.4,0.4487,30
7.5,0.4460,30
7.6,0.4491,30
7.7,0.4502,31
7.8,0.4500,31
7.9,0.4455,30
8.0,0.4396,30
8.1,0.4414,30
8.2,0.4388,30
8.3,0.4351,30
8.4,0.4396,30
8.5,0.4465,30
8.6,0.4310,29
8.7,0.4554,31
8.8,0.4515,31
8.9,0.4486,30
9.0,0.4571,31
9.1,0.4535,31
9.2,0.4622,31
9.3,0.4572,31
9.4,0.4437,30
9.5,0.4568,31
9.6,0.4490,30
9.7,0.4534,31
9.8,0.4447,30
9.9,0.4492,30
10.0,0.4520,31
10.1,0.4600,31
10.2,0.4604,31
10.3,0.4759,32
10.4,0.4632,31
10.5,0.4443,30
10.6,0.4594,31
10.7,0.4565,31
10.8,0.4602,31
10.9,0.4571,31
11.0,0.4512,31
11.1,0.4458,30
11.2,0.4582,31
11.3,0.4426,30
11.4,0.4551,31
11.5,0.4486,30
11.6,0.4361,30
11.7,0.4504,31
11.8,0.4585,31
11.9,0.4524,31
12.0,0.4547,31
12.1,0.4431,30
12.2,0.4497,31
12.3,0.4475,30
12.4,0.4519,31
12.5,0.4525,31
12.6,0.4530,31
12.7,0.4541,31
12.8,0.4405,30
12.9,0.4299,29
13.0,0.4319,29
13.1,0.4439,30
13.2,0.4214,29
13.3,0.4430,30
13.4,0.4369,30
13.5,0.4387,30
13.6,0.4469,30
13.7,0.4369,30
13.8,0.4391,30
13.9,0.4425,30
14.0,0.4493,31
14.1,0.4547,31
14.2,0.4520,31
14.3,0.4476,30
14.4,0.4543,31
14.5,0.4535,31
14.6,0.4551,31
14.7,0.4479,30
14.8,0.4627,31
14.9,0.4435,30
15.0,0.4425,30
15.1,0.4502,31
15.2,0.4510,31
15.3,0.4475,30
15.4,0.4500,31
15.5,0.4429,30
15.6,0.4440,30
15.7,0.4580,31
15.8,0.4470,30
15.9,0.4449,30
16.0,0.4505,31
16.1,0.4744,32
16.2,0.4748,32
16.3,0.4741,32
16.4,0.4751,32
16.5,0.4703,32
16.6,0.4736,32
16.7,0.4894,33
16.8,0.4747,32
16.9,0.4936,34
17.0,0.4897,33
17.1,0.4950,34
17.2,0.4921,33
17.3,0.4816,33
17.4,0.4663,32
17.5,0.4550,31
17.6,0.4782,32
17.7,0.4806,33
17.8,0.4666,32
17.9,0.4913,33
18.0,0.4940,34
18.1,0.4802,33
18.2,0.4723,32
18.3,0.4798,33
18.4,0.4816,33
18.5,0.4855,33
18.6,0.4739,32
18.7,0.4837,33
18.8,0.4715,32
18.9,0.4746,32
19.0,0.4792,33
19.1,0.4623,31
19.2,0.4457,30
19.3,0.4526,31
19.4,0.4701,32
19.5,0.4661,32
19.6,0.4480,30
19.7,0.4550,31
19.8,0.4600,31
19.9,0.4496,31
20.0,0.4401,30
20.1,0.4542,31
20.2,0.4572,31
20.3,0.4480,30
20.4,0.4645,32
20.5,0.4544,31
20.6,0.4576,31
20.7,0.4641,32
20.8,0.4579,31
20.9,0.4609,31
21.0,0.4557,31
21.1,0.4590,31
21.2,0.4453,30
21.3,0.4466,30
21.4,0.4609,31
21.5,0.4495,31
21.6,0.4420,30
21.7,0.4559,31
21.8,0.4538,31
21.9,0.4339,29
22.0,0.4456,30
22.1,0.4538,31
22.2,0.4665,32
22.3,0.4643,32
22.4,0.4578,31
22.5,0.4581,31
22.6,0.4578,31
22.7,0.4681,32
22.8,0.4633,31
22.9,0.4417,30
23.0,0.4407,30
23.1,0.4326,29
23.2,0.4395,30
23.3,0.4483,30
23.4,0.4618,31
23.5,0.4517,31
23.6,0.4674,32
23.7,0.4669,32
23.8,0.4645,32
23.9,0.4577,31
24.0,0.4569,31
24.1,0.4497,31
24.2,0.4525,31
24.3,0.4683,32
24.4,0.4495,31
24.5,0.4562,31
24.6,0.4501,31
24.7,0.4425,30
24.8,0.4618,31
24.9,0.4565,31
25.0,0.4688,32
25.1,0.4776,32
25.2,0.4824,33
25.3,0.4786,33
25.4,0.4911,33
25.5,0.4940,34
25.6,0.4877,33
25.7,0.4885,33
25.8,0.4807,33
25.9,0.4835,33
26.0,0.4851,33
26.1,0.4902,33
26.2,0.4933,34
26.3,0.4940,34
26.4,0.5026,34
26.5,0.4896,33
26.6,0.5063,34
26.7,0.5064,34
26.8,0.5041,34
26.9,0.5073,35
27.0,0.5077,35
27.1,0.5083,35
27.2,0.4967,34
27.3,0.4964,34
27.4,0.5113,35
27.5,0.4984,34
27.6,0.5006,34
27.7,0.5176,35
27.8,0.5103,35
27.9,0.5084,35
28.0,0.5040,34
28.1,0.5068,34
28.2,0.5108,35
28.3,0.5048,34
28.4,0.5161,35
28.5,0.5000,34
28.6,0.5052,34
28.7,0.4996,34
28.8,0.5083,35
28.9,0.5079,35
29.0,0.5004,34
29.1,0.5069,34
29.2,0.5031,34
29.3,0.5008,34
29.4,0.5056,34
29.5,0.5068,34
29.6,0.5067,34
29.7,0.5119,35
29.8,0.4938,34
29.9,0.4909,33
30.0,0.5079,35
30.1,0.5021,34
30.2,0.5051,34
30.3,0.5113,35
30.4,0.5042,34
30.5,0.5099,35
30.6,0.5041,34
30.7,0.5018,34
30.8,0.5205,35
30.9,0.5063,34
31.0,0.5116,35
31.1,0.5018,34
31.2,0.4960,34
31.3,0.5043,34
31.4,0.5133,35
31.5,0.5191,35
31.6,0.5090,35
31.7,0.5101,35
31.8,0.5076,35
31.9,0.4976,34
32.0,0.4903,33
32.1,0.5062,34
32.2,0.5085,35
32.3,0.5165,35
32.4,0.5075,35
32.5,0.5046,34
32.6,0.5111,35
32.7,0.5079,35
32.8,0.5138,35
32.9,0.5115,35
33.0,0.5021,34
33.1,0.5101,35
33.2,0.5029,34
33.3,0.4977,34
33.4,0.5062,34
33.5,0.5137,35
33.6,0.5020,34
33.7,0.5095,35
33.8,0.5014,34
33.9,0.5093,35
34.0,0.5068,34
34.1,0.5114,35
34.2,0.5015,34
34.3,0.5181,35
34.4,0.5006,34
34.5,0.5133,35
34.6,0.5142,35
34.7,0.5016,34
34.8,0.5112,35
34.9,0.5068,34
35.0,0.4971,34
35.1,0.5064,34
35.2,0.5020,34
35.3,0.5114,35
35.4,0.5077,35
35.5,0.5074,35
35.6,0.5113,35
35.7,0.4942,34
35.8,0.5065,34
35.9,0.5050,34
36.0,0.5009,34
36.1,0.4894,33
36.2,0.4963,34
36.3,0.5047,34
36.4,0.4926,33
36.5,0.4954,34
36.6,0.5106,35
36.7,0.4982,34
36.8,0.5040,34
36.9,0.5130,35
37.0,0.5016,34
37.1,0.5120,35
37.2,0.5018,34
37.3,0.5015,34
37.4,0.5047,34
37.5,0.4897,33
37.6,0.4988,34
37.7,0.5056,34
37.8,0.5086,35
37.9,0.4947,34
38.0,0.5033,34
38.1,0.5038,34
38.2,0.5008,34
38.3,0.5069,34
38.4,0.5053,34
38.5,0.5046,34
38.6,0.5046,34
38.7,0.5058,34
38.8,0.5036,34
38.9,0.4964,34
39.0,0.4920,33
39.1,0.4951,34
39.2,0.5027,34
39.3,0.5010,34
39.4,0.5009,34
39.5,0.5145,35
39.6,0.5005,34
39.7,0.5055,34
39.8,0.4995,34
39.9,0.5012,34
40.0,0.5097,35
40.1,0.5053,34
40.2,0.4944,34
40.3,0.4980,34
40.4,0.4969,34
40.5,0.4997,34
40.6,0.5030,34
40.7,0.4986,34
40.8,0.5077,35
40.9,0.5079,35
41.0,0.5001,34
41.1,0.5002,34
41.2,0.5012,34
41.3,0.5016,34
41.4,0.5017,34
41.5,0.4942,34
41.6,0.4997,34
41.7,0.5040,34
41.8,0.4927,33
41.9,0.4971,34
42.0,0.4958,34
42.1,0.4963,34
42.2,0.4974,34
42.3,0.5081,35
42.4,0.5121,35
42.5,0.5096,35
42.6,0.5083,35
42.7,0.5034,34
42.8,0.5045,34
42.9,0.5082,35
43.0,0.5057,34
43.1,0.5134,35
43.2,0.5142,35
43.3,0.5083,35
43.4,0.5015,34
43.5,0.5082,35
43.6,0.5011,34
43.7,0.5005,34
43.8,0.4982,34
43.9,0.5038,34
44.0,0.5088,35
44.1,0.4991,34
44.2,0.5151,35
44.3,0.5081,35
44.4,0.5027,34
44.5,0.5058,34
44.6,0.5014,34
44.7,0.5036,34
44.8,0.4943,34
44.9,0.5027,34
45.0,0.5034,34
45.1,0.4946,34
45.2,0.5019,34
45.3,0.5048,34
45.4,0.4980,34
45.5,0.5049,34
45.6,0.4992,34
45.7,0.4986,34
45.8,0.5009,34
45.9,0.5097,35
46.0,0.5106,35
46.1,0.5074,35
46.2,0.5078,35
46.3,0.5096,35
46.4,0.5039,34
46.5,0.5105,35
46.6,0.5066,34
46.7,0.5150,35
46.8,0.5056,34
46.9,0.5140,35
47.0,0.5052,34
47.1,0.5126,35
47.2,0.5065,34
47.3,0.5137,35
47.4,0.5079,35
47.5,0.5108,35
47.6,0.5035,34
47.7,0.5082,35
47.8,0.4999,34
47.9,0.5080,35
48.0,0.5075,35
48.1,0.5007,34
48.2,0.4972,34
48.3,0.5075,35
48.4,0.4941,34
48.5,0.5065,34
48.6,0.5072,34
48.7,0.5029,34
48.8,0.5091,35
48.9,0.5046,34
49.0,0.5112,35
49.1,0.5038,34
49.2,0.4995,34
49.3,0.5057,34
49.4,0.5088,35
49.5,0.4994,34
49.6,0.5195,35
49.7,0.4972,34
49.8,0.5052,34
49.9,0.5142,35
50.0,0.5029,34
50.1,0.5039,34
50.2,0.5065,34
50.3,0.5001,34
50.4,0.5043,34
50.5,0.5028,34
50.6,0.5115,35
50.7,0.4967,34
50.8,0.5138,35
50.9,0.5057,34
51.0,0.5013,34
51.1,0.5106,35
51.2,0.5047,34
51.3,0.5148,35
51.4,0.5026,34
51.5,0.4980,34
51.6,0.5038,34
51.7,0.4997,34
51.8,0.5080,35
51.9,0.4924,33
52.0,0.5027,34
52.1,0.5105,35
52.2,0.5067,34
52.3,0.5089,35
52.4,0.4997,34
52.5,0.5086,35
52.6,0.5051,34
52.7,0.5097,35
52.8,0.5036,34
52.9,0.5046,34
53.0,0.5040,34
53.1,0.5145,35
53.2,0.5105,35
53.3,0.4997,34
53.4,0.5058,34
53.5,0.5082,35
53.6,0.5142,35
53.7,0.5041,34
53.8,0.4970,34
53.9,0.5125,35
54.0,0.5129,35
54.1,0.5071,34
54.2,0.5068,34
54.3,0.5173,35
54.4,0.5039,34
54.5,0.5123,35
54.6,0.5058,34
54.7,0.5045,34
54.8,0.5008,34
54.9,0.5074,35
55.0,0.4913,33
55.1,0.4984,34
55.2,0.5025,34
55.3,0.5010,34
55.4,0.4974,34
55.5,0.5099,35
55.6,0.5008,34
55.7,0.5023,34
55.8,0.5006,34
55.9,0.5048,34
56.0,0.4997,34
56.1,0.5124,35
56.2,0.5010,34
56.3,0.5081,35
56.4,0.5187,35
56.5,0.5098,35
56.6,0.5045,34
56.7,0.5074,35
56.8,0.5055,34
56.9,0.4990,34
57.0,0.5167,35
57.1,0.5177,35
57.2,0.5073,35
57.3,0.5144,35
57.4,0.5025,34
57.5,0.5204,35
57.6,0.5168,35
57.7,0.5181,35
57.8,0.5000,34
57.9,0.5074,35
58.0,0.5126,35
58.1,0.5021,34
58.2,0.5167,35
58.3,0.5102,35
58.4,0.5064,34
58.5,0.5113,35
58.6,0.5076,35
58.7,0.5126,35
58.8,0.5094,35
58.9,0.5071,34
59.0,0.5049,34
59.1,0.4973,34
59.2,0.5046,34
59.3,0.5059,34
59.4,0.4953,34
59.5,0.5015,34
59.6,0.5134,35
59.7,0.5058,34
59.8,0.5179,35
59.9,0.5148,35
60.0,0.5040,34
60.1,0.5143,35
60.2,0.5015,34
60.3,0.5117,35
60.4,0.5111,35
60.5,0.5059,34
60.6,0.5031,34
60.7,0.4880,33
60.8,0.4947,34
60.9,0.5085,35
61.0,0.5120,35
61.1,0.5162,35
61.2,0.5210,35
61.3,0.4926,33
61.4,0.4977,34
61.5,0.4916,33
61.6,0.5151,35
61.7,0.4924,33
61.8,0.5015,34
61.9,0.5023,34
62.0,0.5093,35
62.1,0.4947,34
62.2,0.4880,33
62.3,0.5048,34
62.4,0.5101,35
62.5,0.5100,35
62.6,0.5139,35
62.7,0.5098,35
62.8,0.4975,34
62.9,0.4995,34
63.0,0.5030,34
63.1,0.4852,33
63.2,0.5122,35
63.3,0.5102,35
63.4,0.5118,35
63.5,0.5095,35
63.6,0.5097,35
63.7,0.5000,34
63.8,0.4990,34
63.9,0.4960,34
64.0,0.5135,35
64.1,0.4913,33
64.2,0.4976,34
64.3,0.4982,34
64.4,0.5055,34
64.5,0.4956,34
64.6,0.5068,34
64.7,0.4974,34
64.8,0.5002,34
64.9,0.5032,34
65.0,0.4986,34
65.1,0.5081,35
65.2,0.5058,34
65.3,0.5074,35
65.4,0.5104,35
65.5,0.5016,34
65.6,0.5032,34
65.7,0.5131,35
65.8,0.5074,35
65.9,0.5087,35
66.0,0.5018,34
66.1,0.5114,35
66.2,0.4999,34
66.3,0.5130,35
66.4,0.5153,35
66.5,0.5043,34
66.6,0.5119,35
66.7,0.5155,35
66.8,0.5041,34
66.9,0.4985,34
67.0,0.5062,34
67.1,0.5081,35
67.2,0.5094,35
67.3,0.5096,35
67.4,0.4980,34
67.5,0.5113,35
67.6,0.5160,35
67.7,0.5003,34
67.8,0.5025,34
67.9,0.5056,34
68.0,0.5115,35
68.1,0.5191,35
68.2,0.4987,34
68.3,0.5159,35
68.4,0.5049,34
68.5,0.5140,35
68.6,0.5120,35
68.7,0.4989,34
68.8,0.5064,34
68.9,0.5064,34
69.0,0.5100,35
69.1,0.5144,35
69.2,0.5103,35
69.3,0.5076,35
69.4,0.5060,34
69.5,0.5142,35
69.6,0.5115,35
69.7,0.5059,34
69.8,0.5040,34
69.9,0.5062,34
70.0,0.5052,34
70.1,0.5137,35
70.2,0.5062,34
70.3,0.5070,34
70.4,0.4988,34
70.5,0.5012,34
70.6,0.5063,34
70.7,0.5055,34
70.8,0.5028,34
70.9,0.5131,35
71.0,0.5103,35
71.1,0.5071,34
71.2,0.5043,34
71.3,0.5107,35
71.4,0.5062,34
71.5,0.5096,35
71.6,0.5070,34
71.7,0.5055,34
71.8,0.4968,34
71.9,0.4960,34
72.0,0.5062,34
72.1,0.5191,35
72.2,0.5096,35
72.3,0.4998,34
72.4,0.4971,34
72.5,0.4937,34
72.6,0.5022,34
72.7,0.5092,35
72.8,0.5186,35
72.9,0.5081,35
73.0,0.5031,34
73.1,0.5166,35
73.2,0.5126,35
73.3,0.5025,34
73.4,0.5105,35
73.5,0.5030,34
73.6,0.5119,35
73.7,0.4993,34
73.8,0.5067,34
73.9,0.4980,34
74.0,0.5136,35
74.1,0.5030,34
74.2,0.5122,35
74.3,0.5056,34
74.4,0.4997,34
74.5,0.5114,35
74.6,0.4953,34
74.7,0.5002,34
74.8,0.5104,35
74.9,0.5088,35
75.0,0.5064,34
75.1,0.5120,35
75.2,0.5106,35
75.3,0.5027,34
75.4,0.5044,34
75.5,0.4999,34
75.6,0.5041,34
75.7,0.5111,35
75.8,0.5103,35
75.9,0.5023,34
76.0,0.5041,34
76.1,0.5111,35
76.2,0.5003,34
76.3,0.5046,34
76.4,0.5123,35
76.5,0.5089,35
76.6,0.4942,34
76.7,0.5047,34
76.8,0.5021,34
76.9,0.4981,34
77.0,0.4997,34
77.1,0.5070,34
77.2,0.5126,35
77.3,0.5094,35
77.4,0.5154,35
77.5,0.4987,34
77.6,0.5054,34
77.7,0.5142,35
77.8,0.5005,34
77.9,0.5160,35
78.0,0.5127,35
78.1,0.5072,34
78.2,0.5173,35
78.3,0.5019,34
78.4,0.5045,34
78.5,0.5096,35
78.6,0.5168,35
78.7,0.5073,35
78.8,0.5022,34
78.9,0.4988,34
79.0,0.5041,34
79.1,0.5129,35
79.2,0.5058,34
79.3,0.4948,34
79.4,0.5106,35
79.5,0.5027,34
79.6,0.5094,35
79.7,0.5201,35
79.8,0.5091,35
79.9,0.5182,35
80.0,0.5070,34
80.1,0.5141,35
80.2,0.5028,34
80.3,0.5063,34
80.4,0.4984,34
80.5,0.5061,34
80.6,0.5125,35
80.7,0.5082,35
80.8,0.5108,35
80.9,0.5087,35
81.0,0.5126,35
81.1,0.5073,35
81.2,0.5095,35
81.3,0.5115,35
81.4,0.5090,35
81.5,0.5072,34
81.6,0.5009,34
81.7,0.5030,34
81.8,0.5075,35
81.9,0.4952,34
82.0,0.4990,34
82.1,0.4999,34
82.2,0.4997,34
82.3,0.5072,34
82.4,0.5042,34
82.5,0.5161,35
82.6,0.5083,35
82.7,0.5044,34
82.8,0.4933,34
82.9,0.5094,35
83.0,0.5051,34
83.1,0.5085,35
83.2,0.5047,34
83.3,0.4996,34
83.4,0.4968,34
83.5,0.4974,34
83.6,0.4946,34
83.7,0.5024,34
83.8,0.5012,34
83.9,0.4958,34
84.0,0.5068,34
84.1,0.5039,34
84.2,0.5100,35
84.3,0.5100,35
84.4,0.5117,35
84.5,0.5039,34
84.6,0.5012,34
84.7,0.5037,34
84.8,0.5059,34
84.9,0.5129,35
85.0,0.5067,34
85.1,0.5040,34
85.2,0.5061,34
85.3,0.5095,35
85.4,0.5109,35
85.5,0.5034,34
85.6,0.5037,34
85.7,0.5014,34
85.8,0.5042,34
85.9,0.5028,34
86.0,0.5128,35
86.1,0.5075,35
86.2,0.5036,34
86.3,0.5065,34
86.4,0.5032,34
86.5,0.5120,35
86.6,0.4993,34
86.7,0.5125,35
86.8,0.5101,35
86.9,0.5101,35
87.0,0.5081,35
87.1,0.5076,35
87.2,0.5107,35
87.3,0.5219,36
87.4,0.5102,35
87.5,0.5100,35
87.6,0.5138,35
87.7,0.5146,35
87.8,0.5096,35
87.9,0.5089,35
88.0,0.5135,35
88.1,0.5046,34
88.2,0.5041,34
88.3,0.5073,35
88.4,0.5016,34
88.5,0.5152,35
88.6,0.5107,35
88.7,0.5086,35
88.8,0.4983,34
88.9,0.5051,34
89.0,0.5012,34
89.1,0.5181,35
89.2,0.5058,34
89.3,0.5087,35
89.4,0.5030,34
89.5,0.4970,34
89.6,0.5043,34
89.7,0.5079,35
89.8,0.4975,34
89.9,0.5056,34
90.0,0.5074,35
90.1,0.5051,34
90.2,0.5081,35
90.3,0.5164,35
90.4,0.5113,35
90.5,0.5020,34
90.6,0.5026,34
90.7,0.5190,35
90.8,0.5048,34
90.9,0.5088,35
91.0,0.5104,35
91.1,0.5092,35
91.2,0.5034,34
91.3,0.5158,35
91.4,0.5032,34
91.5,0.5079,35
91.6,0.5047,34
91.7,0.5052,34
91.8,0.5152,35
91.9,0.5115,35
92.0,0.5102,35
92.1,0.5081,35
92.2,0.5047,34
92.3,0.4967,34
92.4,0.5090,35
92.5,0.5104,35
92.6,0.5073,35
92.7,0.5156,35
92.8,0.4995,34
92.9,0.5100,35
93.0,0.5065,34
93.1,0.4968,34
93.2,0.5044,34
93.3,0.5030,34
93.4,0.4958,34
93.5,0.5075,35
93.6,0.5079,35
93.7,0.5074,35
93.8,0.5028,34
93.9,0.5138,35
94.0,0.5042,34
94.1,0.5096,35
94.2,0.5104,35
94.3,0.5065,34
94.4,0.5045,34
94.5,0.5095,35
94.6,0.5110,35
94.7,0.5116,35
94.8,0.5094,35
94.9,0.4989,34
95.0,0.5048,34
95.1,0.5146,35
95.2,0.5063,34
95.3,0.5136,35
95.4,0.5106,35
95.5,0.5184,35
95.6,0.5025,34
95.7,0.5039,34
95.8,0.5071,34
95.9,0.5088,35
96.0,0.5093,35
96.1,0.5155,35
96.2,0.5147,35
96.3,0.5092,35
96.4,0.5110,35
96.5,0.5149,35
96.6,0.4987,34
96.7,0.5024,34
96.8,0.5101,35
96.9,0.5046,34
97.0,0.5076,35
97.1,0.5127,35
97.2,0.5110,35
97.3,0.5092,35
97.4,0.5075,35
97.5,0.5069,34
97.6,0.5083,35
97.7,0.5009,34
97.8,0.5053,34
97.9,0.5144,35
98.0,0.5158,35
98.1,0.4977,34
98.2,0.5100,35
98.3,0.5032,34
98.4,0.4955,34
98.5,0.4976,34
98.6,0.5017,34
98.7,0.5075,35
98.8,0.5104,35
98.9,0.5055,34
99.0,0.5124,35
99.1,0.5161,35
99.2,0.5126,35
99.3,0.5094,35
99.4,0.5045,34
99.5,0.5071,34
99.6,0.5075,35
99.7,0.5102,35
99.8,0.5125,35
99.9,0.5097,35
100.0,0.5037,34
100.1,0.5093,35
100.2,0.5058,34
100.3,0.5022,34
