Time_ns,ASN1,LEU2,TYR3,ILE4,GLN5,TRP6,LEU7,LYS8,ASP9,GLY10,GLY11,PRO12,SER13,SER14,GLY15,ARG16,PRO17,PRO18,PRO19,SER20
0.4,C,H,H,H,H,H,H,H,C,C,H,H,H,H,C,C,C,C,C,C
0.5,C,H,H,H,H,H,H,C,C,C,C,H,H,H,C,C,C,C,C,C
0.6,C,H,H,H,H,H,H,H,H,C,H,H,H,H,C,C,C,C,C,C
0.7,C,H,H,H,H,H,H,H,C,C,H,H,H,H,C,C,C,C,C,C
0.8,C,H,H,H,H,H,H,H,H,C,H,H,H,C,C,C,C,C,C,C
0.9,C,H,H,H,H,H,H,H,H,C,H,H,H,C,C,C,C,C,C,C
1.0,C,C,H,H,H,H,H,H,H,C,H,H,H,C,C,C,C,C,C,C
1.1,C,H,H,H,H,H,H,H,H,C,C,C,C,C,C,C,C,C,C,C
1.2,C,H,H,H,H,H,H,H,H,C,C,H,H,H,C,C,C,C,C,C
1.3,C,H,H,H,H,H,H,H,H,C,H,H,H,H,C,C,C,C,C,C
1.4,C,H,H,H,H,H,H,H,C,C,C,H,H,H,C,C,C,C,C,C
1.5,C,C,H,H,H,H,H,H,H,C,H,H,H,C,C,C,C,C,C,C
1.6,C,H,H,H,H,H,H,H,H,C,H,H,H,H,C,C,C,C,C,C
1.7,C,H,H,H,H,H,H,H,H,C,H,H,H,C,C,C,C,C,C,C
1.8,C,H,H,H,H,H,H,H,C,C,C,C,C,C,C,C,C,C,C,C
1.9,C,H,H,H,H,H,H,H,H,C,H,H,H,C,C,C,C,C,C,C
2.0,C,H,H,H,H,H,H,H,C,C,H,H,H,H,C,C,C,C,C,C
2.1,C,H,H,H,H,H,H,H,H,C,H,H,H,H,C,C,C,C,C,C
2.2,C,H,H,H,H,H,H,H,C,C,H,H,H,C,C,C,C,C,C,C
2.3,C,C,H,H,H,H,H,H,H,C,H,H,H,C,C,C,C,C,C,C
2.4,C,H,H,H,H,H,H,H,H,C,H,H,H,H,C,C,C,C,C,C
2.5,C,H,H,H,H,H,H,H,H,C,H,H,H,C,C,C,C,C,C,C
2.6,C,H,H,H,H,H,H,H,H,C,H,H,H,C,C,C,C,C,C,C
2.7,C,H,H,H,H,H,H,H,H,C,H,H,H,C,C,C,C,C,C,C
2.8,C,H,H,H,H,H,H,H,H,C,H,H,H,C,C,C,C,C,C,C
2.9,C,H,H,H,H,H,H,H,H,C,H,H,H,C,C,C,C,C,C,C
3.0,C,H,H,H,H,H,H,H,H,C,H,H,H,H,C,C,C,C,C,C
3.1,C,H,H,H,H,H,H,H,H,C,H,H,H,C,C,C,C,C,C,C
3.2,C,H,H,H,H,H,H,H,H,C,H,H,H,C,C,C,C,C,C,C
3.3,C,H,H,H,H,H,H,H,C,C,H,H,H,C,C,C,C,C,C,C
3.4,C,H,H,H,H,H,H,H,C,C,H,H,H,C,C,C,C,C,C,C
3.5,C,H,H,H,H,H,H,H,C,C,H,H,H,C,C,C,C,C,C,C
3.6,C,H,H,H,H,H,H,H,H,C,H,H,H,C,C,C,C,C,C,C
3.7,C,H,H,H,H,H,H,H,C,C,H,H,H,H,C,C,C,C,C,C
3.8,C,H,H,H,H,H,H,H,C,C,H,H,H,C,C,C,C,C,C,C
3.9,C,H,H,H,H,H,H,H,C,C,H,H,H,H,C,C,C,C,C,C
4.0,C,H,H,H,H,H,H,H,C,C,H,H,H,H,C,C,C,C,C,C
4.1,C,H,H,H,H,H,H,H,H,C,H,H,H,H,C,C,C,C,C,C
4.2,C,H,H,H,H,H,H,H,C,C,H,H,H,C,C,C,C,C,C,C
4.3,C,H,H,H,H,H,H,H,H,C,H,H,H,C,C,C,C,C,C,C
4.4,C,C,H,H,H,H,H,H,C,C,H,H,H,H,C,C,C,C,C,C
4.5,C,C,C,H,H,H,H,H,H,C,H,H,H,C,C,C,C,C,C,C
4.6,C,H,H,H,H,H,H,H,C,C,H,H,H,C,C,C,C,C,C,C
4.7,C,H,H,H,H,H,H,H,C,C,H,H,H,C,C,C,C,C,C,C
4.8,C,C,H,H,H,H,H,H,H,C,C,C,C,C,C,C,C,C,C,C
4.9,C,C,H,H,H,H,H,H,C,C,H,H,H,C,C,C,C,C,C,C
5.0,C,C,H,H,H,H,H,H,C,C,H,H,H,H,C,C,C,C,C,C
5.1,C,H,H,H,H,H,H,H,H,C,H,H,H,H,C,C,C,C,C,C
5.2,C,H,H,H,H,H,H,H,C,C,H,H,H,C,C,C,C,C,C,C
5.3,C,C,H,H,H,H,H,H,H,C,H,H,H,C,C,C,C,C,C,C
5.4,C,H,H,H,H,H,H,H,H,C,H,H,H,H,C,C,C,C,C,C
5.5,C,H,H,H,H,H,H,H,H,C,H,H,H,H,C,C,C,C,C,C
5.6,C,C,H,H,H,H,H,H,C,C,H,H,H,C,C,C,C,C,C,C
5.7,C,H,H,H,H,H,H,H,C,C,H,H,H,C,C,C,C,C,C,C
5.8,C,H,H,H,H,H,H,H,H,C,H,H,H,C,C,C,C,C,C,C
5.9,C,H,H,H,H,H,H,H,C,C,H,H,H,C,C,C,C,C,C,C
6.0,C,H,H,H,H,H,H,H,H,C,H,H,H,C,C,C,C,C,C,C
6.1,C,H,H,H,H,H,H,H,C,C,H,H,H,H,C,C,C,C,C,C
6.2,C,H,H,H,H,H,H,H,H,C,H,H,H,C,C,C,C,C,C,C
6.3,C,H,H,H,H,H,H,H,C,C,H,H,H,C,C,C,C,C,C,C
6.4,C,H,H,H,H,H,H,H,C,C,H,H,H,C,C,C,C,C,C,C
6.5,C,H,H,H,H,H,H,H,H,C,H,H,H,C,C,C,C,C,C,C
6.6,C,H,H,H,H,H,H,H,C,C,H,H,H,C,C,C,C,C,C,C
6.7,C,H,H,H,H,H,H,H,H,C,H,H,H,C,C,C,C,C,C,C
6.8,C,H,H,H,H,H,H,H,H,C,H,H,H,C,C,C,C,C,C,C
6.9,C,H,H,H,H,H,H,H,H,C,H,H,H,C,C,C,C,C,C,C
7.0,C,H,H,H,H,H,H,H,H,C,H,H,H,C,C,C,C,C,C,C
7.1,C,H,H,H,H,H,H,H,H,C,H,H,H,C,C,C,C,C,C,C
7.2,C,C,H,H,H,H,H,H,H,C,H,H,H,C,C,C,C,C,C,C
7.3,C,H,H,H,H,H,H,H,C,C,H,H,H,C,C,C,C,C,C,C
7.4,C,H,H,H,H,H,H,H,C,C,C,C,C,C,C,C,C,C,C,C
7.5,C,H,H,H,H,H,H,C,C,C,C,C,C,C,C,C,C,C,C,C
7.6,C,H,H,H,H,H,H,H,C,C,H,H,H,C,C,C,C,C,C,C
7.7,C,H,H,H,H,H,H,H,C,C,H,H,H,C,C,C,C,C,C,C
7.8,C,H,H,H,H,H,H,H,C,C,H,H,H,C,C,C,C,C,C,C
7.9,C,H,H,H,H,H,H,H,C,C,H,H,H,C,C,C,C,C,C,C
8.0,C,H,H,H,H,H,H,H,H,C,H,H,H,C,C,C,C,C,C,C
8.1,C,H,H,H,H,H,H,H,H,C,H,H,H,C,C,C,C,C,C,C
8.2,C,H,H,H,H,H,H,H,H,C,C,C,C,C,C,C,C,C,C,C
8.3,C,H,H,H,H,H,H,H,H,C,H,H,H,C,C,C,C,C,C,C
8.4,C,H,H,H,H,H,H,H,H,C,H,H,H,C,C,C,C,C,C,C
8.5,C,H,H,H,H,H,H,H,H,C,C,C,C,C,C,C,C,C,C,C
8.6,C,H,H,H,H,H,H,H,H,C,C,C,C,C,C,C,C,C,C,C
8.7,C,H,H,H,H,H,H,H,H,C,C,C,C,C,C,C,C,C,C,C
8.8,C,C,H,H,H,H,H,H,C,C,C,C,C,C,C,C,C,C,C,C
8.9,C,H,H,H,H,H,H,H,C,C,H,H,H,C,C,C,C,C,C,C
9.0,C,H,H,H,H,H,H,H,H,C,H,H,H,C,C,C,C,C,C,C
9.1,C,H,H,H,H,H,H,H,H,C,C,C,C,C,C,C,C,C,C,C
9.2,C,H,H,H,H,H,H,H,C,C,C,C,C,C,C,C,C,C,C,C
9.3,C,H,H,H,H,H,H,H,H,C,C,C,C,C,C,C,C,C,C,C
9.4,C,H,H,H,H,H,H,H,C,C,C,C,C,C,C,C,C,C,C,C
9.5,C,H,H,H,H,H,H,H,H,C,H,H,H,C,C,C,C,C,C,C
9.6,C,H,H,H,H,H,H,H,H,C,H,H,H,C,C,C,C,C,C,C
9.7,C,H,H,H,H,H,H,H,H,C,H,H,H,C,C,C,C,C,C,C
9.8,C,C,H,H,H,H,H,H,C,C,H,H,H,C,C,C,C,C,C,C
9.9,C,C,H,H,H,H,H,H,C,C,H,H,H,C,C,C,C,C,C,C
10.0,C,C,H,H,H,H,H,H,H,C,H,H,H,C,C,C,C,C,C,C
10.1,C,H,H,H,H,H,H,H,H,C,H,H,H,C,C,C,C,C,C,C
10.2,C,H,H,H,H,H,H,H,H,C,H,H,H,C,C,C,C,C,C,C
10.3,C,H,H,H,H,H,H,H,H,C,C,C,C,C,C,C,C,C,C,C
10.4,C,H,H,H,H,H,H,H,H,C,H,H,H,C,C,C,C,C,C,C
10.5,C,H,H,H,H,H,H,H,H,C,C,C,C,C,C,C,C,C,C,C
10.6,C,H,H,H,H,H,H,H,C,C,H,H,H,C,C,C,C,C,C,C
10.7,C,H,H,H,H,H,H,H,C,C,C,C,C,C,C,C,C,C,C,C
10.8,C,H,H,H,H,H,H,H,C,C,H,H,H,C,C,C,C,C,C,C
10.9,C,C,H,H,H,H,H,H,H,C,H,H,H,C,C,C,C,C,C,C
11.0,C,C,H,H,H,H,H,H,H,C,H,H,H,C,C,C,C,C,C,C
11.1,C,H,H,H,H,H,H,H,C,C,C,C,C,C,C,C,C,C,C,C
11.2,C,H,H,H,H,H,H,H,C,C,C,C,C,C,C,C,C,C,C,C
11.3,C,H,H,H,H,H,H,H,C,C,C,C,C,C,C,C,C,C,C,C
11.4,C,H,H,H,H,H,H,H,H,C,C,C,C,C,C,C,C,C,C,C
11.5,C,H,H,H,H,H,H,H,H,C,H,H,H,C,C,C,C,C,C,C
11.6,C,H,H,H,H,H,H,H,C,C,C,C,C,C,C,C,C,C,C,C
11.7,C,H,H,H,H,H,H,H,H,C,H,H,H,C,C,C,C,C,C,C
11.8,C,H,H,H,H,H,H,H,H,C,C,C,C,C,C,C,C,C,C,C
11.9,C,H,H,H,H,H,H,H,H,C,C,C,C,C,C,C,C,C,C,C
12.0,C,H,H,H,H,H,H,H,H,C,C,C,C,C,C,C,C,C,C,C
12.1,C,H,H,H,H,H,H,H,H,C,H,H,H,C,C,C,C,C,C,C
12.2,C,H,H,H,H,H,H,H,H,C,C,C,C,C,C,C,C,C,C,C
12.3,C,H,H,H,H,H,H,H,C,C,H,H,H,C,C,C,C,C,C,C
12.4,C,H,H,H,H,H,H,H,H,C,C,C,C,C,C,C,C,C,C,C
12.5,C,H,H,H,H,H,H,H,H,C,H,H,H,C,C,C,C,C,C,C
12.6,C,H,H,H,H,H,H,H,H,C,H,H,H,C,C,C,C,C,C,C
12.7,C,H,H,H,H,H,H,H,C,C,H,H,H,C,C,C,C,C,C,C
12.8,C,H,H,H,H,H,H,C,C,C,H,H,H,C,C,C,C,C,C,C
12.9,C,H,H,H,H,H,H,H,C,C,H,H,H,C,C,C,C,C,C,C
13.0,C,H,H,H,H,H,H,H,C,C,C,C,C,C,C,C,C,C,C,C
13.1,C,H,H,H,H,H,H,H,C,C,H,H,H,C,C,C,C,C,C,C
13.2,C,C,H,H,H,H,H,H,C,C,H,H,H,C,C,C,C,C,C,C
13.3,C,C,H,H,H,H,H,H,C,C,C,C,C,C,C,C,C,C,C,C
13.4,C,H,H,H,H,H,H,H,H,C,H,H,H,C,C,C,C,C,C,C
13.5,C,H,H,H,H,H,H,H,C,C,C,C,C,C,C,C,C,C,C,C
13.6,C,H,H,H,H,H,H,H,H,C,H,H,H,C,C,C,C,C,C,C
13.7,C,H,H,H,H,H,H,H,H,C,H,H,H,C,C,C,C,C,C,C
13.8,C,H,H,H,H,H,H,H,H,C,H,H,H,C,C,C,C,C,C,C
13.9,C,H,H,H,H,H,H,H,C,C,H,H,H,C,C,C,C,C,C,C
14.0,C,H,H,H,H,H,H,H,H,C,H,H,H,C,C,C,C,C,C,C
14.1,C,H,H,H,H,H,H,H,H,C,C,C,C,C,C,C,C,C,C,C
14.2,C,C,H,H,H,H,H,H,C,C,H,H,H,C,C,C,C,C,C,C
14.3,C,H,H,H,H,H,H,H,H,C,H,H,H,C,C,C,C,C,C,C
14.4,C,H,H,H,H,H,H,C,C,C,H,H,H,C,C,C,C,C,C,C
14.5,C,H,H,H,H,H,H,H,H,C,H,H,H,C,C,C,C,C,C,C
14.6,C,H,H,H,H,H,H,H,H,C,H,H,H,C,C,C,C,C,C,C
14.7,C,H,H,H,H,H,H,H,C,C,H,H,H,C,C,C,C,C,C,C
14.8,C,H,H,H,H,H,H,H,H,C,H,H,H,C,C,C,C,C,C,C
14.9,C,H,H,H,H,H,H,H,H,C,H,H,H,C,C,C,C,C,C,C
15.0,C,H,H,H,H,H,H,H,C,C,C,C,C,C,C,C,C,C,C,C
15.1,C,H,H,H,H,H,H,H,H,C,H,H,H,C,C,C,C,C,C,C
15.2,C,H,H,H,H,H,H,H,C,C,C,C,C,C,C,C,C,C,C,C
15.3,C,H,H,H,H,H,H,H,H,C,C,C,C,C,C,C,C,C,C,C
15.4,C,H,H,H,H,H,H,H,H,C,H,H,H,C,C,C,C,C,C,C
15.5,C,H,H,H,H,H,H,H,H,C,H,H,H,C,C,C,C,C,C,C
15.6,C,H,H,H,H,H,H,H,H,C,H,H,H,C,C,C,C,C,C,C
15.7,C,H,H,H,H,H,H,H,H,C,C,C,C,C,C,C,C,C,C,C
15.8,C,H,H,H,H,H,H,H,H,C,H,H,H,C,C,C,C,C,C,C
15.9,C,H,H,H,H,H,H,H,H,C,H,H,H,C,C,C,C,C,C,C
16.0,C,H,H,H,H,H,H,H,H,C,H,H,H,C,C,C,C,C,C,C
16.1,C,H,H,H,H,H,H,H,H,C,H,H,H,C,C,C,C,C,C,C
16.2,C,H,H,H,H,H,H,H,H,C,H,H,H,C,C,C,C,C,C,C
16.3,C,H,H,H,H,H,H,H,H,C,H,H,H,C,C,C,C,C,C,C
16.4,C,H,H,H,H,H,H,H,H,C,H,H,H,C,C,C,C,C,C,C
16.5,C,H,H,H,H,H,H,H,H,C,H,H,H,C,C,C,C,C,C,C
16.6,C,H,H,H,H,H,H,H,H,C,H,H,H,C,C,C,C,C,C,C
16.7,C,H,H,H,H,H,H,H,H,C,H,H,H,H,C,C,C,C,C,C
16.8,C,C,H,H,H,H,H,H,C,C,H,H,H,H,C,C,C,C,C,C
16.9,C,H,H,H,H,H,H,H,H,C,H,H,H,H,C,C,C,C,C,C
17.0,C,H,H,H,H,H,H,H,C,C,H,H,H,C,C,C,C,C,C,C
17.1,C,H,H,H,H,H,H,H,C,C,C,C,C,C,C,C,C,C,C,C
17.2,C,H,H,H,H,H,H,H,H,C,H,H,H,H,C,C,C,C,C,C
17.3,C,H,H,H,H,H,H,H,H,C,H,H,H,H,C,C,C,C,C,C
17.4,C,H,H,H,H,H,H,H,H,C,H,H,H,C,C,C,C,C,C,C
17.5,C,H,H,H,H,H,H,H,H,C,C,C,C,C,C,C,C,C,C,C
17.6,C,C,H,H,H,H,H,H,C,C,H,H,H,H,C,C,C,C,C,C
17.7,C,H,H,H,H,H,H,H,C,C,H,H,H,C,C,C,C,C,C,C
17.8,C,C,H,H,H,H,H,H,H,C,H,H,H,H,C,C,C,C,C,C
17.9,C,H,H,H,H,H,H,H,H,C,H,H,H,H,C,C,C,C,C,C
18.0,C,H,H,H,H,H,H,H,H,C,H,H,H,H,C,C,C,C,C,C
18.1,C,C,H,H,H,H,H,H,H,C,H,H,H,C,C,C,C,C,C,C
18.2,C,C,H,H,H,H,H,H,H,C,H,H,H,C,C,C,C,C,C,C
18.3,C,C,H,H,H,H,H,H,C,C,H,H,H,C,C,C,C,C,C,C
18.4,C,C,H,H,H,H,H,H,H,C,H,H,H,C,C,C,C,C,C,C
18.5,C,H,H,H,H,H,H,H,C,C,H,H,H,C,C,C,C,C,C,C
18.6,C,C,H,H,H,H,H,H,H,C,C,H,H,H,C,C,C,C,C,C
18.7,C,H,H,H,H,H,H,H,H,C,H,H,H,H,C,C,C,C,C,C
18.8,C,H,H,H,H,H,H,H,H,C,H,H,H,H,C,C,C,C,C,C
18.9,C,H,H,H,H,H,H,H,H,C,H,H,H,H,C,C,C,C,C,C
19.0,C,H,H,H,H,H,H,H,C,C,H,H,H,H,C,C,C,C,C,C
19.1,C,H,H,H,H,H,H,H,H,C,H,H,H,H,C,C,C,C,C,C
19.2,C,H,H,H,H,H,H,H,H,C,C,H,H,H,C,C,C,C,C,C
19.3,C,H,H,H,H,H,H,H,H,C,C,H,H,H,C,C,C,C,C,C
19.4,C,H,H,H,H,H,H,C,C,C,H,H,H,H,C,C,C,C,C,C
19.5,C,C,C,H,H,H,H,H,H,C,H,H,H,H,C,C,C,C,C,C
19.6,C,C,C,H,H,H,H,C,C,C,H,H,H,H,C,C,C,C,C,C
19.7,C,C,C,H,H,H,H,H,H,C,H,H,H,C,C,C,C,C,C,C
19.8,C,C,C,H,H,H,H,H,C,C,H,H,H,C,C,C,C,C,C,C
19.9,C,C,C,H,H,H,H,H,H,C,H,H,H,H,C,C,C,C,C,C
20.0,C,C,C,H,H,H,H,H,H,C,H,H,H,H,C,C,C,C,C,C
20.1,C,C,C,C,C,C,C,C,C,C,H,H,H,H,C,C,C,C,C,C
20.2,C,C,C,H,H,H,H,H,C,C,C,C,C,C,C,C,C,C,C,C
20.3,C,C,C,C,C,H,H,H,H,C,H,H,H,H,C,C,C,C,C,C
20.4,C,C,C,H,H,H,H,H,C,C,H,H,H,H,C,C,C,C,C,C
20.5,C,C,C,H,H,H,H,H,H,C,H,H,H,H,C,C,C,C,C,C
20.6,C,C,C,H,H,H,H,H,H,C,H,H,H,H,C,C,C,C,C,C
20.7,C,C,C,H,H,H,H,H,H,C,H,H,H,H,C,C,C,C,C,C
20.8,C,C,C,H,H,H,H,H,C,C,H,H,H,H,C,C,C,C,C,C
20.9,C,C,C,H,H,H,H,H,C,C,C,H,H,H,C,C,C,C,C,C
21.0,C,C,C,H,H,H,H,H,C,C,C,H,H,H,C,C,C,C,C,C
21.1,C,C,C,H,H,H,H,H,H,C,H,H,H,C,C,C,C,C,C,C
21.2,C,C,C,H,H,H,H,H,H,C,H,H,H,H,C,C,C,C,C,C
21.3,C,C,C,H,H,H,H,H,C,C,H,H,H,H,C,C,C,C,C,C
21.4,C,C,C,H,H,H,H,H,C,C,H,H,H,C,C,C,C,C,C,C
21.5,C,C,C,H,H,H,H,H,H,C,H,H,H,H,C,C,C,C,C,C
21.6,C,C,C,H,H,H,H,H,H,C,H,H,H,H,C,C,C,C,C,C
21.7,C,C,C,H,H,H,H,H,H,C,H,H,H,C,C,C,C,C,C,C
21.8,C,C,C,H,H,H,H,H,H,C,C,H,H,H,C,C,C,C,C,C
21.9,C,C,C,H,H,H,H,H,H,C,H,H,H,H,C,C,C,C,C,C
22.0,C,C,C,H,H,H,H,H,H,C,H,H,H,C,C,C,C,C,C,C
22.1,C,C,C,H,H,H,H,H,H,C,C,H,H,H,C,C,C,C,C,C
22.2,C,C,C,H,H,H,H,H,H,C,C,H,H,H,C,C,C,C,C,C
22.3,C,C,C,H,H,H,H,H,H,C,H,H,H,C,C,C,C,C,C,C
22.4,C,C,C,H,H,H,H,H,H,C,H,H,H,H,C,C,C,C,C,C
22.5,C,C,C,H,H,H,H,H,H,C,C,C,C,C,C,C,C,C,C,C
22.6,C,C,H,H,H,H,H,H,H,C,H,H,H,H,C,C,C,C,C,C
22.7,C,C,C,H,H,H,H,H,H,C,C,C,C,C,C,C,C,C,C,C
22.8,C,C,H,H,H,H,H,H,C,C,H,H,H,H,C,C,C,C,C,C
22.9,C,C,C,H,H,H,H,C,C,C,H,H,H,H,C,C,C,C,C,C
23.0,C,C,C,H,H,H,H,H,H,C,H,H,H,H,C,C,C,C,C,C
23.1,C,C,C,H,H,H,H,H,H,C,H,H,H,H,C,C,C,C,C,C
23.2,C,C,C,H,H,H,H,H,H,C,C,H,H,H,C,C,C,C,C,C
23.3,C,C,C,H,H,H,H,H,H,C,H,H,H,H,C,C,C,C,C,C
23.4,C,C,C,H,H,H,H,H,C,C,H,H,H,C,C,C,C,C,C,C
23.5,C,C,C,H,H,H,H,H,H,C,H,H,H,H,C,C,C,C,C,C
23.6,C,C,C,H,H,H,H,H,H,C,H,H,H,H,C,C,C,C,C,C
23.7,C,C,C,H,H,H,H,H,C,C,H,H,H,C,C,C,C,C,C,C
23.8,C,C,C,H,H,H,H,H,C,C,H,H,H,H,C,C,C,C,C,C
23.9,C,C,C,H,H,H,H,H,C,C,H,H,H,H,C,C,C,C,C,C
24.0,C,C,C,H,H,H,H,H,C,C,H,H,H,C,C,C,C,C,C,C
24.1,C,C,C,H,H,H,H,H,H,C,C,H,H,H,C,C,C,C,C,C
24.2,C,C,C,H,H,H,H,H,H,C,H,H,H,H,C,C,C,C,C,C
24.3,C,C,C,H,H,H,H,H,C,C,H,H,H,C,C,C,C,C,C,C
24.4,C,C,C,H,H,H,H,H,H,C,C,H,H,H,C,C,C,C,C,C
24.5,C,C,C,H,H,H,H,H,H,C,C,H,H,H,C,C,C,C,C,C
24.6,C,C,C,H,H,H,H,H,H,C,H,H,H,H,C,C,C,C,C,C
24.7,C,C,C,H,H,H,H,H,H,C,C,C,C,C,C,C,C,C,C,C
24.8,C,C,C,H,H,H,H,H,C,C,C,H,H,H,C,C,C,C,C,C
24.9,C,C,C,H,H,H,H,H,H,C,H,H,H,H,C,C,C,C,C,C
25.0,C,C,C,H,H,H,H,H,C,C,H,H,H,C,C,C,C,C,C,C
25.1,C,C,C,C,C,H,H,H,H,C,H,H,H,C,C,C,C,C,C,C
25.2,C,C,C,H,H,H,H,H,H,C,H,H,H,C,C,C,C,C,C,C
25.3,C,C,C,H,H,H,H,H,C,C,H,H,H,C,C,C,C,C,C,C
25.4,C,C,C,H,H,H,H,H,H,C,H,H,H,H,C,C,C,C,C,C
25.5,C,C,C,H,H,H,H,H,C,C,H,H,H,H,C,C,C,C,C,C
25.6,C,C,C,H,H,H,H,H,C,C,C,C,C,C,C,C,C,C,C,C
25.7,C,C,C,H,H,H,H,H,H,C,H,H,H,C,C,C,C,C,C,C
25.8,C,C,C,C,C,H,H,H,H,C,H,H,H,C,C,C,C,C,C,C
25.9,C,C,C,C,C,H,H,H,H,C,H,H,H,H,C,C,C,C,C,C
26.0,C,C,C,H,H,H,H,H,C,C,H,H,H,C,C,C,C,C,C,C
26.1,C,C,C,C,C,C,C,C,C,C,H,H,H,H,C,C,C,C,C,C
26.2,C,C,H,H,H,H,H,H,H,C,H,H,H,H,C,C,C,C,C,C
26.3,C,C,H,H,H,H,H,H,H,C,H,H,H,C,C,C,C,C,C,C
26.4,C,C,H,H,H,H,H,H,H,C,H,H,H,C,C,C,C,C,C,C
26.5,C,C,H,H,H,H,H,H,H,C,H,H,H,C,C,C,C,C,C,C
26.6,C,H,H,H,H,H,H,H,C,C,H,H,H,H,C,C,C,C,C,C
26.7,C,H,H,H,H,H,H,H,H,C,H,H,H,H,C,C,C,C,C,C
26.8,C,H,H,H,H,H,H,H,H,C,H,H,H,H,C,C,C,C,C,C
26.9,C,C,H,H,H,H,H,C,C,C,H,H,H,H,C,C,C,C,C,C
27.0,C,H,H,H,H,H,H,H,H,C,H,H,H,H,C,C,C,C,C,C
27.1,C,H,H,H,H,H,H,H,H,C,C,H,H,H,C,C,C,C,C,C
27.2,C,C,H,H,H,H,H,H,C,C,H,H,H,C,C,C,C,C,C,C
27.3,C,C,H,H,H,H,H,H,C,C,H,H,H,H,C,C,C,C,C,C
27.4,C,H,H,H,H,H,H,H,H,C,H,H,H,C,C,C,C,C,C,C
27.5,C,H,H,H,H,H,H,H,H,C,H,H,H,C,C,C,C,C,C,C
27.6,C,H,H,H,H,H,H,H,C,C,H,H,H,H,C,C,C,C,C,C
27.7,C,H,H,H,H,H,H,H,H,C,H,H,H,H,C,C,C,C,C,C
27.8,C,H,H,H,H,H,H,H,H,C,H,H,H,C,C,C,C,C,C,C
27.9,C,H,H,H,H,H,H,H,C,C,H,H,H,C,C,C,C,C,C,C
28.0,C,H,H,H,H,H,H,H,C,C,H,H,H,C,C,C,C,C,C,C
28.1,C,H,H,H,H,H,H,H,C,C,H,H,H,H,C,C,C,C,C,C
28.2,C,H,H,H,H,H,H,H,C,C,H,H,H,C,C,C,C,C,C,C
28.3,C,H,H,H,H,H,H,H,C,C,H,H,H,C,C,C,C,C,C,C
28.4,C,H,H,H,H,H,H,H,H,C,H,H,H,C,C,C,C,C,C,C
28.5,C,H,H,H,H,H,H,H,H,C,H,H,H,C,C,C,C,C,C,C
28.6,C,H,H,H,H,H,H,H,H,C,C,H,H,H,C,C,C,C,C,C
28.7,C,C,H,H,H,H,H,H,C,C,C,H,H,H,C,C,C,C,C,C
28.8,C,H,H,H,H,H,H,H,C,C,H,H,H,H,C,C,C,C,C,C
28.9,C,H,H,H,H,H,H,C,C,C,H,H,H,H,C,C,C,C,C,C
29.0,C,H,H,H,H,H,H,H,H,C,C,C,C,C,C,C,C,C,C,C
29.1,C,H,H,H,H,H,H,C,C,C,H,H,H,C,C,C,C,C,C,C
29.2,C,H,H,H,H,H,H,H,C,C,H,H,H,C,C,C,C,C,C,C
29.3,C,C,H,H,H,H,H,H,H,C,H,H,H,H,C,C,C,C,C,C
29.4,C,H,H,H,H,H,H,H,H,C,H,H,H,H,C,C,C,C,C,C
29.5,C,H,H,H,H,H,H,H,H,C,H,H,H,C,C,C,C,C,C,C
29.6,C,H,H,H,H,H,H,H,C,C,H,H,H,H,C,C,C,C,C,C
29.7,C,C,C,H,H,H,H,C,C,C,H,H,H,H,C,C,C,C,C,C
29.8,C,C,H,H,H,H,H,H,C,C,H,H,H,H,C,C,C,C,C,C
29.9,C,C,H,H,H,H,H,H,C,C,H,H,H,C,C,C,C,C,C,C
30.0,C,H,H,H,H,H,H,H,C,C,H,H,H,C,C,C,C,C,C,C
30.1,C,C,H,H,H,H,H,H,C,C,H,H,H,H,C,C,C,C,C,C
30.2,C,H,H,H,H,H,H,H,H,C,H,H,H,C,C,C,C,C,C,C
30.3,C,H,H,H,H,H,H,H,H,C,H,H,H,H,C,C,C,C,C,C
30.4,C,H,H,H,H,H,H,H,C,C,H,H,H,H,C,C,C,C,C,C
30.5,C,H,H,H,H,H,H,H,C,C,H,H,H,H,C,C,C,C,C,C
30.6,C,C,H,H,H,H,H,H,C,C,H,H,H,C,C,C,C,C,C,C
30.7,C,C,H,H,H,H,H,H,C,C,H,H,H,H,C,C,C,C,C,C
30.8,C,C,H,H,H,H,H,H,C,C,H,H,H,H,C,C,C,C,C,C
30.9,C,H,H,H,H,H,H,H,C,C,H,H,H,H,C,C,C,C,C,C
31.0,C,H,H,H,H,H,H,H,C,C,H,H,H,H,C,C,C,C,C,C
31.1,C,H,H,H,H,H,H,H,H,C,H,H,H,C,C,C,C,C,C,C
31.2,C,C,H,H,H,H,H,H,H,C,H,H,H,C,C,C,C,C,C,C
31.3,C,H,H,H,H,H,H,H,H,C,H,H,H,C,C,C,C,C,C,C
31.4,C,H,H,H,H,H,H,H,C,C,H,H,H,H,C,C,C,C,C,C
31.5,C,H,H,H,H,H,H,H,C,C,H,H,H,H,C,C,C,C,C,C
31.6,C,H,H,H,H,H,H,H,C,C,H,H,H,H,C,C,C,C,C,C
31.7,C,H,H,H,H,H,H,H,C,C,H,H,H,H,C,C,C,C,C,C
31.8,C,H,H,H,H,H,H,H,C,C,H,H,H,H,C,C,C,C,C,C
31.9,C,H,H,H,H,H,H,H,C,C,H,H,H,H,C,C,C,C,C,C
32.0,C,H,H,H,H,H,H,H,C,C,H,H,H,H,C,C,C,C,C,C
32.1,C,H,H,H,H,H,H,H,C,C,H,H,H,H,C,C,C,C,C,C
32.2,C,H,H,H,H,H,H,H,C,C,H,H,H,C,C,C,C,C,C,C
32.3,C,H,H,H,H,H,H,H,C,C,H,H,H,H,C,C,C,C,C,C
32.4,C,H,H,H,H,H,H,H,C,C,H,H,H,C,C,C,C,C,C,C
32.5,C,H,H,H,H,H,H,H,H,C,H,H,H,C,C,C,C,C,C,C
32.6,C,H,H,H,H,H,H,H,H,C,H,H,H,C,C,C,C,C,C,C
32.7,C,H,H,H,H,H,H,H,H,C,H,H,H,C,C,C,C,C,C,C
32.8,C,H,H,H,H,H,H,H,C,C,H,H,H,H,C,C,C,C,C,C
32.9,C,H,H,H,H,H,H,H,C,C,H,H,H,H,C,C,C,C,C,C
33.0,C,H,H,H,H,H,H,H,C,C,H,H,H,H,C,C,C,C,C,C
33.1,C,H,H,H,H,H,H,H,H,C,H,H,H,H,C,C,C,C,C,C
33.2,C,H,H,H,H,H,H,H,C,C,H,H,H,C,C,C,C,C,C,C
33.3,C,H,H,H,H,H,H,H,H,C,H,H,H,C,C,C,C,C,C,C
33.4,C,H,H,H,H,H,H,H,C,C,H,H,H,C,C,C,C,C,C,C
33.5,C,H,H,H,H,H,H,H,C,C,C,H,H,H,C,C,C,C,C,C
33.6,C,H,H,H,H,H,H,C,C,C,H,H,H,H,C,C,C,C,C,C
33.7,C,H,H,H,H,H,H,H,H,C,C,H,H,H,C,C,C,C,C,C
33.8,C,H,H,H,H,H,H,H,H,C,C,H,H,H,C,C,C,C,C,C
33.9,C,H,H,H,H,H,H,H,C,C,H,H,H,H,C,C,C,C,C,C
34.0,C,H,H,H,H,H,H,H,C,C,H,H,H,H,C,C,C,C,C,C
34.1,C,H,H,H,H,H,H,H,C,C,H,H,H,H,C,C,C,C,C,C
34.2,C,C,H,H,H,H,H,H,C,C,H,H,H,H,C,C,C,C,C,C
34.3,C,H,H,H,H,H,H,H,C,C,H,H,H,H,C,C,C,C,C,C
34.4,C,H,H,H,H,H,H,H,H,C,H,H,H,C,C,C,C,C,C,C
34.5,C,H,H,H,H,H,H,H,C,C,H,H,H,H,C,C,C,C,C,C
34.6,C,H,H,H,H,H,H,H,C,C,H,H,H,H,C,C,C,C,C,C
34.7,C,C,H,H,H,H,H,H,C,C,H,H,H,H,C,C,C,C,C,C
34.8,C,H,H,H,H,H,H,H,C,C,H,H,H,H,C,C,C,C,C,C
34.9,C,H,H,H,H,H,H,H,H,C,H,H,H,H,C,C,C,C,C,C
35.0,C,H,H,H,H,H,H,H,C,C,H,H,H,C,C,C,C,C,C,C
35.1,C,H,H,H,H,H,H,H,H,C,H,H,H,H,C,C,C,C,C,C
35.2,C,H,H,H,H,H,H,H,H,C,H,H,H,C,C,C,C,C,C,C
35.3,C,H,H,H,H,H,H,H,C,C,H,H,H,C,C,C,C,C,C,C
35.4,C,H,H,H,H,H,H,H,H,C,H,H,H,C,C,C,C,C,C,C
35.5,C,H,H,H,H,H,H,H,C,C,H,H,H,C,C,C,C,C,C,C
35.6,C,H,H,H,H,H,H,H,C,C,H,H,H,C,C,C,C,C,C,C
35.7,C,H,H,H,H,H,H,C,C,C,H,H,H,H,C,C,C,C,C,C
35.8,C,H,H,H,H,H,H,H,C,C,H,H,H,C,C,C,C,C,C,C
35.9,C,H,H,H,H,H,H,H,H,C,H,H,H,C,C,C,C,C,C,C
36.0,C,H,H,H,H,H,H,H,C,C,H,H,H,H,C,C,C,C,C,C
36.1,C,H,H,H,H,H,H,H,H,C,H,H,H,H,C,C,C,C,C,C
36.2,C,H,H,H,H,H,H,H,H,C,H,H,H,H,C,C,C,C,C,C
36.3,C,H,H,H,H,H,H,H,H,C,H,H,H,H,C,C,C,C,C,C
36.4,C,H,H,H,H,H,H,H,H,C,H,H,H,H,C,C,C,C,C,C
36.5,C,C,C,H,H,H,H,H,H,C,H,H,H,H,C,C,C,C,C,C
36.6,C,H,H,H,H,H,H,H,C,C,H,H,H,H,C,C,C,C,C,C
36.7,C,H,H,H,H,H,H,H,H,C,H,H,H,H,C,C,C,C,C,C
36.8,C,H,H,H,H,H,H,H,H,C,H,H,H,H,C,C,C,C,C,C
36.9,C,H,H,H,H,H,H,H,H,C,H,H,H,H,C,C,C,C,C,C
37.0,C,H,H,H,H,H,H,H,C,C,H,H,H,C,C,C,C,C,C,C
37.1,C,H,H,H,H,H,H,H,H,C,C,C,C,C,C,C,C,C,C,C
37.2,C,H,H,H,H,H,H,H,C,C,H,H,H,H,H,C,C,C,C,C
37.3,C,C,H,H,H,H,H,H,C,C,H,H,H,H,C,C,C,C,C,C
37.4,C,H,H,H,H,H,H,H,H,C,H,H,H,H,C,C,C,C,C,C
37.5,C,H,H,H,H,H,H,H,C,C,H,H,H,H,C,C,C,C,C,C
37.6,C,H,H,H,H,H,H,H,C,C,C,C,C,C,C,C,C,C,C,C
37.7,C,H,H,H,H,H,H,H,C,C,H,H,H,H,C,C,C,C,C,C
37.8,C,H,H,H,H,H,H,H,C,C,H,H,H,H,C,C,C,C,C,C
37.9,C,H,H,H,H,H,H,H,H,C,H,H,H,C,C,C,C,C,C,C
38.0,C,H,H,H,H,H,H,H,H,C,H,H,H,C,C,C,C,C,C,C
38.1,C,H,H,H,H,H,H,H,C,C,H,H,H,H,C,C,C,C,C,C
38.2,C,H,H,H,H,H,H,H,H,C,H,H,H,C,C,C,C,C,C,C
38.3,C,H,H,H,H,H,H,H,C,C,H,H,H,C,C,C,C,C,C,C
38.4,C,H,H,H,H,H,H,H,C,C,H,H,H,C,C,C,C,C,C,C
38.5,C,H,H,H,H,H,H,H,C,C,H,H,H,H,C,C,C,C,C,C
38.6,C,H,H,H,H,H,H,H,H,C,H,H,H,C,C,C,C,C,C,C
38.7,C,H,H,H,H,H,H,H,C,C,H,H,H,C,C,C,C,C,C,C
38.8,C,H,H,H,H,H,H,H,H,C,H,H,H,H,C,C,C,C,C,C
38.9,C,C,H,H,H,H,H,H,C,C,H,H,H,C,C,C,C,C,C,C
39.0,C,C,H,H,H,H,H,H,C,C,H,H,H,C,C,C,C,C,C,C
39.1,C,H,H,H,H,H,H,H,C,C,H,H,H,C,C,C,C,C,C,C
39.2,C,H,H,H,H,H,H,H,C,C,H,H,H,C,C,C,C,C,C,C
39.3,C,H,H,H,H,H,H,H,C,C,H,H,H,C,C,C,C,C,C,C
39.4,C,H,H,H,H,H,H,H,C,C,H,H,H,C,C,C,C,C,C,C
39.5,C,H,H,H,H,H,H,H,H,C,H,H,H,H,C,C,C,C,C,C
39.6,C,H,H,H,H,H,H,H,C,C,H,H,H,C,C,C,C,C,C,C
39.7,C,H,H,H,H,H,H,H,H,C,H,H,H,C,C,C,C,C,C,C
39.8,C,H,H,H,H,H,H,H,C,C,H,H,H,C,C,C,C,C,C,C
39.9,C,H,H,H,H,H,H,H,C,C,H,H,H,H,C,C,C,C,C,C
40.0,C,H,H,H,H,H,H,H,H,C,H,H,H,C,C,C,C,C,C,C
40.1,C,H,H,H,H,H,H,H,C,C,H,H,H,C,C,C,C,C,C,C
40.2,C,C,H,H,H,H,H,H,C,C,H,H,H,C,C,C,C,C,C,C
40.3,C,H,H,H,H,H,H,H,H,C,H,H,H,C,C,C,C,C,C,C
40.4,C,C,H,H,H,H,H,H,H,C,H,H,H,C,C,C,C,C,C,C
40.5,C,H,H,H,H,H,H,H,H,C,H,H,H,C,C,C,C,C,C,C
40.6,C,H,H,H,H,H,H,H,H,C,H,H,H,C,C,C,C,C,C,C
40.7,C,H,H,H,H,H,H,H,H,C,H,H,H,C,C,C,C,C,C,C
40.8,C,H,H,H,H,H,H,H,C,C,H,H,H,C,C,C,C,C,C,C
40.9,C,H,H,H,H,H,H,H,H,C,H,H,H,H,C,C,C,C,C,C
41.0,C,H,H,H,H,H,H,H,H,C,H,H,H,C,C,C,C,C,C,C
41.1,C,H,H,H,H,H,H,H,C,C,H,H,H,C,C,C,C,C,C,C
41.2,C,H,H,H,H,H,H,H,C,C,H,H,H,H,C,C,C,C,C,C
41.3,C,H,H,H,H,H,H,H,H,C,C,C,C,C,C,C,C,C,C,C
41.4,C,H,H,H,H,H,H,H,C,C,H,H,H,C,C,C,C,C,C,C
41.5,C,H,H,H,H,H,H,H,C,C,H,H,H,H,C,C,C,C,C,C
41.6,C,C,H,H,H,H,H,H,H,C,H,H,H,C,C,C,C,C,C,C
41.7,C,C,H,H,H,H,H,H,H,C,H,H,H,H,C,C,C,C,C,C
41.8,C,C,H,H,H,H,H,H,H,C,H,H,H,H,C,C,C,C,C,C
41.9,C,H,H,H,H,H,H,H,C,C,H,H,H,H,C,C,C,C,C,C
42.0,C,H,H,H,H,H,H,H,C,C,H,H,H,H,C,C,C,C,C,C
42.1,C,H,H,H,H,H,H,H,C,C,H,H,H,C,C,C,C,C,C,C
42.2,C,H,H,H,H,H,H,H,C,C,H,H,H,C,C,C,C,C,C,C
42.3,C,H,H,H,H,H,H,C,C,C,H,H,H,H,C,C,C,C,C,C
42.4,C,H,H,H,H,H,H,H,C,C,H,H,H,C,C,C,C,C,C,C
42.5,C,H,H,H,H,H,H,C,C,C,H,H,H,H,C,C,C,C,C,C
42.6,C,H,H,H,H,H,H,H,H,C,H,H,H,C,C,C,C,C,C,C
42.7,C,H,H,H,H,H,H,H,C,C,H,H,H,C,C,C,C,C,C,C
42.8,C,H,H,H,H,H,H,H,C,C,H,H,H,C,C,C,C,C,C,C
42.9,C,H,H,H,H,H,H,H,C,C,H,H,H,H,C,C,C,C,C,C
43.0,C,H,H,H,H,H,H,H,C,C,H,H,H,H,C,C,C,C,C,C
43.1,C,H,H,H,H,H,H,H,C,C,H,H,H,H,C,C,C,C,C,C
43.2,C,H,H,H,H,H,H,H,H,C,H,H,H,H,C,C,C,C,C,C
43.3,C,H,H,H,H,H,H,H,C,C,H,H,H,C,C,C,C,C,C,C
43.4,C,H,H,H,H,H,H,H,C,C,H,H,H,H,C,C,C,C,C,C
43.5,C,H,H,H,H,H,H,H,C,C,H,H,H,C,C,C,C,C,C,C
43.6,C,H,H,H,H,H,H,C,C,C,H,H,H,C,C,C,C,C,C,C
43.7,C,H,H,H,H,H,H,H,C,C,H,H,H,C,C,C,C,C,C,C
43.8,C,H,H,H,H,H,H,C,C,C,H,H,H,C,C,C,C,C,C,C
43.9,C,H,H,H,H,H,H,H,C,C,H,H,H,H,C,C,C,C,C,C
44.0,C,C,H,H,H,H,H,H,C,C,H,H,H,H,C,C,C,C,C,C
44.1,C,C,H,H,H,H,H,H,C,C,H,H,H,H,C,C,C,C,C,C
44.2,C,H,H,H,H,H,H,H,H,H,H,H,H,H,C,C,C,C,C,C
44.3,C,H,H,H,H,H,H,H,C,C,H,H,H,H,C,C,C,C,C,C
44.4,C,C,H,H,H,H,H,H,H,C,H,H,H,C,C,C,C,C,C,C
44.5,C,H,H,H,H,H,H,H,C,C,H,H,H,C,C,C,C,C,C,C
44.6,C,H,H,H,H,H,H,H,C,C,H,H,H,C,C,C,C,C,C,C
44.7,C,H,H,H,H,H,H,H,C,C,H,H,H,C,C,C,C,C,C,C
44.8,C,C,H,H,H,H,H,H,C,C,H,H,H,H,C,C,C,C,C,C
44.9,C,C,H,H,H,H,H,H,C,C,H,H,H,H,C,C,C,C,C,C
45.0,C,C,H,H,H,H,H,H,C,C,H,H,H,C,C,C,C,C,C,C
45.1,C,C,H,H,H,H,H,H,C,C,H,H,H,C,C,C,C,C,C,C
45.2,C,H,H,H,H,H,H,H,C,C,H,H,H,C,C,C,C,C,C,C
45.3,C,C,H,H,H,H,H,H,C,C,H,H,H,H,C,C,C,C,C,C
45.4,C,H,H,H,H,H,H,H,C,C,H,H,H,C,C,C,C,C,C,C
45.5,C,H,H,H,H,H,H,H,H,C,H,H,H,C,C,C,C,C,C,C
45.6,C,C,H,H,H,H,H,H,C,C,H,H,H,H,C,C,C,C,C,C
45.7,C,H,H,H,H,H,H,H,H,C,H,H,H,C,C,C,C,C,C,C
45.8,C,H,H,H,H,H,H,H,C,C,H,H,H,H,C,C,C,C,C,C
45.9,C,H,H,H,H,H,H,H,C,C,H,H,H,H,C,C,C,C,C,C
46.0,C,H,H,H,H,H,H,H,C,C,H,H,H,H,C,C,C,C,C,C
46.1,C,H,H,H,H,H,H,H,H,C,H,H,H,C,C,C,C,C,C,C
46.2,C,H,H,H,H,H,H,H,C,C,H,H,H,H,C,C,C,C,C,C
46.3,C,H,H,H,H,H,H,H,C,C,H,H,H,H,C,C,C,C,C,C
46.4,C,C,H,H,H,H,H,H,C,C,H,H,H,H,C,C,C,C,C,C
46.5,C,H,H,H,H,H,H,H,C,C,H,H,H,H,C,C,C,C,C,C
46.6,C,H,H,H,H,H,H,H,H,C,H,H,H,C,C,C,C,C,C,C
46.7,C,H,H,H,H,H,H,H,C,C,H,H,H,H,C,C,C,C,C,C
46.8,C,C,H,H,H,H,H,H,C,C,H,H,H,H,C,C,C,C,C,C
46.9,C,H,H,H,H,H,H,H,C,C,H,H,H,H,C,C,C,C,C,C
47.0,C,C,C,H,H,H,H,C,C,C,H,H,H,H,C,C,C,C,C,C
47.1,C,C,H,H,H,H,H,H,H,C,H,H,H,H,C,C,C,C,C,C
47.2,C,C,H,H,H,H,H,H,C,C,H,H,H,H,C,C,C,C,C,C
47.3,C,H,H,H,H,H,H,H,H,C,H,H,H,H,C,C,C,C,C,C
47.4,C,H,H,H,H,H,H,H,H,C,H,H,H,C,C,C,C,C,C,C
47.5,C,H,H,H,H,H,H,H,H,C,H,H,H,H,C,C,C,C,C,C
47.6,C,H,H,H,H,H,H,H,H,C,H,H,H,C,C,C,C,C,C,C
47.7,C,H,H,H,H,H,H,H,H,C,H,H,H,C,C,C,C,C,C,C
47.8,C,H,H,H,H,H,H,H,H,C,H,H,H,C,C,C,C,C,C,C
47.9,C,H,H,H,H,H,H,H,H,C,H,H,H,H,C,C,C,C,C,C
48.0,C,H,H,H,H,H,H,H,C,C,H,H,H,H,C,C,C,C,C,C
48.1,C,H,H,H,H,H,H,H,C,C,H,H,H,H,C,C,C,C,C,C
48.2,C,H,H,H,H,H,H,H,C,C,H,H,H,C,C,C,C,C,C,C
48.3,C,H,H,H,H,H,H,H,C,C,H,H,H,C,C,C,C,C,C,C
48.4,C,C,H,H,H,H,H,H,H,C,H,H,H,C,C,C,C,C,C,C
48.5,C,H,H,H,H,H,H,H,C,C,H,H,H,C,C,C,C,C,C,C
48.6,C,H,H,H,H,H,H,H,H,C,H,H,H,C,C,C,C,C,C,C
48.7,C,H,H,H,H,H,H,H,C,C,H,H,H,C,C,C,C,C,C,C
48.8,C,H,H,H,H,H,H,H,H,C,H,H,H,H,C,C,C,C,C,C
48.9,C,H,H,H,H,H,H,H,C,C,H,H,H,C,C,C,C,C,C,C
49.0,C,H,H,H,H,H,H,H,C,C,H,H,H,C,C,C,C,C,C,C
49.1,C,H,H,H,H,H,H,H,C,C,H,H,H,C,C,C,C,C,C,C
49.2,C,C,H,H,H,H,H,H,C,C,H,H,H,H,C,C,C,C,C,C
49.3,C,H,H,H,H,H,H,H,C,C,H,H,H,C,C,C,C,C,C,C
49.4,C,H,H,H,H,H,H,H,C,C,H,H,H,C,C,C,C,C,C,C
49.5,C,H,H,H,H,H,H,H,H,C,H,H,H,C,C,C,C,C,C,C
49.6,C,H,H,H,H,H,H,H,H,C,H,H,H,H,C,C,C,C,C,C
49.7,C,H,H,H,H,H,H,H,C,C,H,H,H,C,C,C,C,C,C,C
49.8,C,C,H,H,H,H,H,H,C,C,H,H,H,C,C,C,C,C,C,C
49.9,C,H,H,H,H,H,H,H,C,C,H,H,H,H,C,C,C,C,C,C
50.0,C,H,H,H,H,H,H,H,C,C,H,H,H,C,C,C,C,C,C,C
50.1,C,H,H,H,H,H,H,H,C,C,H,H,H,C,C,C,C,C,C,C
50.2,C,H,H,H,H,H,H,H,C,C,H,H,H,C,C,C,C,C,C,C
50.3,C,H,H,H,H,H,H,H,H,C,H,H,H,H,C,C,C,C,C,C
50.4,C,H,H,H,H,H,H,H,H,C,H,H,H,H,C,C,C,C,C,C
50.5,C,H,H,H,H,H,H,H,H,C,H,H,H,C,C,C,C,C,C,C
50.6,C,H,H,H,H,H,H,H,C,C,H,H,H,C,C,C,C,C,C,C
50.7,C,H,H,H,H,H,H,H,C,C,H,H,H,C,C,C,C,C,C,C
50.8,C,H,H,H,H,H,H,H,H,C,H,H,H,H,C,C,C,C,C,C
50.9,C,H,H,H,H,H,H,H,C,C,H,H,H,C,C,C,C,C,C,C
51.0,C,H,H,H,H,H,H,H,C,C,H,H,H,H,C,C,C,C,C,C
51.1,C,H,H,H,H,H,H,H,H,C,H,H,H,C,C,C,C,C,C,C
51.2,C,H,H,H,H,H,H,H,H,C,H,H,H,C,C,C,C,C,C,C
51.3,C,H,H,H,H,H,H,H,C,C,H,H,H,H,C,C,C,C,C,C
51.4,C,H,H,H,H,H,H,H,C,C,H,H,H,H,C,C,C,C,C,C
51.5,C,H,H,H,H,H,H,H,H,C,H,H,H,C,C,C,C,C,C,C
51.6,C,H,H,H,H,H,H,H,C,C,H,H,H,H,C,C,C,C,C,C
51.7,C,H,H,H,H,H,H,H,C,C,H,H,H,C,C,C,C,C,C,C
51.8,C,H,H,H,H,H,H,H,C,C,H,H,H,H,C,C,C,C,C,C
51.9,C,C,H,H,H,H,H,H,C,C,H,H,H,C,C,C,C,C,C,C
52.0,C,H,H,H,H,H,H,H,C,C,H,H,H,C,C,C,C,C,C,C
52.1,C,H,H,H,H,H,H,H,C,C,H,H,H,H,C,C,C,C,C,C
52.2,C,C,H,H,H,H,H,H,H,C,H,H,H,H,C,C,C,C,C,C
52.3,C,H,H,H,H,H,H,H,C,C,H,H,H,H,C,C,C,C,C,C
52.4,C,H,H,H,H,H,H,H,C,C,H,H,H,C,C,C,C,C,C,C
52.5,C,H,H,H,H,H,H,H,C,C,H,H,H,C,C,C,C,C,C,C
52.6,C,H,H,H,H,H,H,H,C,C,H,H,H,C,C,C,C,C,C,C
52.7,C,H,H,H,H,H,H,H,C,C,H,H,H,H,C,C,C,C,C,C
52.8,C,H,H,H,H,H,H,H,C,C,H,H,H,H,C,C,C,C,C,C
52.9,C,H,H,H,H,H,H,H,C,C,H,H,H,H,C,C,C,C,C,C
53.0,C,H,H,H,H,H,H,H,C,C,H,H,H,H,C,C,C,C,C,C
53.1,C,H,H,H,H,H,H,H,C,C,H,H,H,C,C,C,C,C,C,C
53.2,C,C,C,H,H,H,H,H,C,C,H,H,H,H,C,C,C,C,C,C
53.3,C,H,H,H,H,H,H,H,C,C,H,H,H,C,C,C,C,C,C,C
53.4,C,C,H,H,H,H,H,H,C,C,H,H,H,H,C,C,C,C,C,C
53.5,C,H,H,H,H,H,H,H,C,C,H,H,H,C,C,C,C,C,C,C
53.6,C,C,H,H,H,H,H,H,H,C,H,H,H,H,C,C,C,C,C,C
53.7,C,H,H,H,H,H,H,H,C,C,H,H,H,C,C,C,C,C,C,C
53.8,C,C,H,H,H,H,H,H,C,C,H,H,H,H,C,C,C,C,C,C
53.9,C,H,H,H,H,H,H,H,H,C,H,H,H,H,C,C,C,C,C,C
54.0,C,C,H,H,H,H,H,H,C,C,H,H,H,H,C,C,C,C,C,C
54.1,C,H,H,H,H,H,H,H,H,C,H,H,H,H,C,C,C,C,C,C
54.2,C,C,C,H,H,H,H,H,C,C,H,H,H,H,C,C,C,C,C,C
54.3,C,H,H,H,H,H,H,H,C,C,H,H,H,H,C,C,C,C,C,C
54.4,C,C,H,H,H,H,H,H,C,C,H,H,H,H,C,C,C,C,C,C
54.5,C,H,H,H,H,H,H,H,C,C,H,H,H,H,C,C,C,C,C,C
54.6,C,H,H,H,H,H,H,H,H,C,H,H,H,C,C,C,C,C,C,C
54.7,C,H,H,H,H,H,H,H,C,C,H,H,H,C,C,C,C,C,C,C
54.8,C,H,H,H,H,H,H,H,H,C,H,H,H,C,C,C,C,C,C,C
54.9,C,C,H,H,H,H,H,H,H,C,H,H,H,H,C,C,C,C,C,C
55.0,C,C,H,H,H,H,H,H,C,C,H,H,H,H,C,C,C,C,C,C
55.1,C,C,H,H,H,H,H,H,C,C,C,C,C,C,C,C,C,C,C,C
55.2,C,C,H,H,H,H,H,H,C,C,H,H,H,H,C,C,C,C,C,C
55.3,C,C,H,H,H,H,H,H,C,C,H,H,H,C,C,C,C,C,C,C
55.4,C,H,H,H,H,H,H,H,C,C,H,H,H,C,C,C,C,C,C,C
55.5,C,H,H,H,H,H,H,H,C,C,H,H,H,C,C,C,C,C,C,C
55.6,C,C,H,H,H,H,H,H,C,C,H,H,H,C,C,C,C,C,C,C
55.7,C,H,H,H,H,H,H,H,C,C,H,H,H,C,C,C,C,C,C,C
55.8,C,H,H,H,H,H,H,H,C,C,H,H,H,C,C,C,C,C,C,C
55.9,C,C,H,H,H,H,C,C,C,C,H,H,H,H,C,C,C,C,C,C
56.0,C,H,H,H,H,H,H,H,C,C,H,H,H,C,C,C,C,C,C,C
56.1,C,H,H,H,H,H,H,H,C,C,H,H,H,H,C,C,C,C,C,C
56.2,C,H,H,H,H,H,H,H,C,C,H,H,H,C,C,C,C,C,C,C
56.3,C,H,H,H,H,H,H,H,H,C,H,H,H,C,C,C,C,C,C,C
56.4,C,H,H,H,H,H,H,H,H,C,H,H,H,H,C,C,C,C,C,C
56.5,C,H,H,H,H,H,H,H,C,C,H,H,H,H,C,C,C,C,C,C
56.6,C,C,H,H,H,H,H,H,C,C,H,H,H,H,C,C,C,C,C,C
56.7,C,C,H,H,H,H,H,H,C,C,H,H,H,H,C,C,C,C,C,C
56.8,C,H,H,H,H,H,H,H,C,C,H,H,H,H,C,C,C,C,C,C
56.9,C,C,H,H,H,H,H,H,C,C,H,H,H,H,C,C,C,C,C,C
57.0,C,H,H,H,H,H,H,H,C,C,H,H,H,H,C,C,C,C,C,C
57.1,C,H,H,H,H,H,H,H,C,C,H,H,H,H,C,C,C,C,C,C
57.2,C,H,H,H,H,H,H,H,C,C,H,H,H,H,C,C,C,C,C,C
57.3,C,H,H,H,H,H,H,H,H,C,H,H,H,H,C,C,C,C,C,C
57.4,C,C,H,H,H,H,H,H,C,C,H,H,H,H,C,C,C,C,C,C
57.5,C,H,H,H,H,H,H,H,C,C,H,H,H,H,C,C,C,C,C,C
57.6,C,H,H,H,H,H,H,H,C,C,H,H,H,H,C,C,C,C,C,C
57.7,C,H,H,H,H,H,H,H,C,C,H,H,H,H,C,C,C,C,C,C
57.8,C,H,H,H,H,H,H,H,C,C,H,H,H,H,C,C,C,C,C,C
57.9,C,H,H,H,H,H,H,H,C,C,H,H,H,C,C,C,C,C,C,C
58.0,C,H,H,H,H,H,H,H,C,C,H,H,H,H,C,C,C,C,C,C
58.1,C,C,H,H,H,H,H,H,C,C,H,H,H,H,C,C,C,C,C,C
58.2,C,H,H,H,H,H,H,H,C,C,H,H,H,H,C,C,C,C,C,C
58.3,C,C,H,H,H,H,H,H,C,C,H,H,H,H,C,C,C,C,C,C
58.4,C,H,H,H,H,H,H,H,C,C,H,H,H,H,C,C,C,C,C,C
58.5,C,C,H,H,H,H,H,H,C,C,H,H,H,H,C,C,C,C,C,C
58.6,C,H,H,H,H,H,H,H,C,C,H,H,H,H,C,C,C,C,C,C
58.7,C,H,H,H,H,H,H,H,C,C,H,H,H,H,C,C,C,C,C,C
58.8,C,H,H,H,H,H,H,H,H,C,H,H,H,C,C,C,C,C,C,C
58.9,C,H,H,H,H,H,H,H,C,C,H,H,H,H,C,C,C,C,C,C
59.0,C,H,H,H,H,H,H,H,C,C,H,H,H,H,C,C,C,C,C,C
59.1,C,C,H,H,H,H,H,H,C,C,H,H,H,H,C,C,C,C,C,C
59.2,C,H,H,H,H,H,H,H,C,C,H,H,H,H,C,C,C,C,C,C
59.3,C,H,H,H,H,H,H,H,H,C,C,C,C,C,C,C,C,C,C,C
59.4,C,H,H,H,H,H,H,H,H,C,H,H,H,H,C,C,C,C,C,C
59.5,C,H,H,H,H,H,H,H,H,C,H,H,H,H,C,C,C,C,C,C
59.6,C,C,H,H,H,H,H,H,H,C,H,H,H,H,C,C,C,C,C,C
59.7,C,H,H,H,H,H,H,H,H,C,H,H,H,C,C,C,C,C,C,C
59.8,C,H,H,H,H,H,H,H,C,C,H,H,H,H,C,C,C,C,C,C
59.9,C,H,H,H,H,H,H,H,H,C,H,H,H,H,C,C,C,C,C,C
60.0,C,H,H,H,H,H,H,H,C,C,H,H,H,H,C,C,C,C,C,C
60.1,C,H,H,H,H,H,H,H,H,C,H,H,H,H,C,C,C,C,C,C
60.2,C,H,H,H,H,H,H,H,C,C,H,H,H,H,C,C,C,C,C,C
60.3,C,H,H,H,H,H,H,H,C,C,H,H,H,H,C,C,C,C,C,C
60.4,C,H,H,H,H,H,H,H,H,C,H,H,H,H,C,C,C,C,C,C
60.5,C,H,H,H,H,H,H,H,C,C,H,H,H,C,C,C,C,C,C,C
60.6,C,H,H,H,H,H,H,H,C,C,H,H,H,C,C,C,C,C,C,C
60.7,C,H,H,H,H,H,H,H,C,C,H,H,H,H,C,C,C,C,C,C
60.8,C,H,H,H,H,H,H,H,H,C,H,H,H,C,C,C,C,C,C,C
60.9,C,H,H,H,H,H,H,H,C,C,H,H,H,H,C,C,C,C,C,C
61.0,C,H,H,H,H,H,H,H,C,C,H,H,H,H,C,C,C,C,C,C
61.1,C,H,H,H,H,H,H,H,C,C,H,H,H,H,C,C,C,C,C,C
61.2,C,H,H,H,H,H,H,H,H,C,C,H,H,H,C,C,C,C,C,C
61.3,C,H,H,H,H,H,H,H,H,C,H,H,H,H,C,C,C,C,C,C
61.4,C,H,H,H,H,H,H,H,C,C,H,H,H,C,C,C,C,C,C,C
61.5,C,C,H,H,H,H,H,H,H,C,H,H,H,C,C,C,C,C,C,C
61.6,C,H,H,H,H,H,H,H,C,C,H,H,H,H,C,C,C,C,C,C
61.7,C,H,H,H,H,H,H,H,H,C,H,H,H,H,C,C,C,C,C,C
61.8,C,H,H,H,H,H,H,H,C,C,H,H,H,H,C,C,C,C,C,C
61.9,C,H,H,H,H,H,H,H,C,C,H,H,H,H,C,C,C,C,C,C
62.0,C,H,H,H,H,H,H,H,H,C,H,H,H,H,C,C,C,C,C,C
62.1,C,H,H,H,H,H,H,H,H,C,H,H,H,C,C,C,C,C,C,C
62.2,C,C,H,H,H,H,H,H,C,C,H,H,H,H,C,C,C,C,C,C
62.3,C,H,H,H,H,H,H,H,C,C,H,H,H,H,C,C,C,C,C,C
62.4,C,H,H,H,H,H,H,H,H,C,H,H,H,H,C,C,C,C,C,C
62.5,C,H,H,H,H,H,H,H,C,C,H,H,H,C,C,C,C,C,C,C
62.6,C,H,H,H,H,H,H,H,H,C,H,H,H,H,C,C,C,C,C,C
62.7,C,H,H,H,H,H,H,H,H,C,H,H,H,C,C,C,C,C,C,C
62.8,C,C,H,H,H,H,H,H,H,C,H,H,H,C,C,C,C,C,C,C
62.9,C,H,H,H,H,H,H,H,H,C,H,H,H,H,C,C,C,C,C,C
63.0,C,H,H,H,H,H,H,H,C,C,H,H,H,H,C,C,C,C,C,C
63.1,C,C,C,H,H,H,H,C,C,C,H,H,H,H,C,C,C,C,C,C
63.2,C,H,H,H,H,H,H,H,C,C,H,H,H,H,C,C,C,C,C,C
63.3,C,H,H,H,H,H,H,H,C,C,H,H,H,H,C,C,C,C,C,C
63.4,C,H,H,H,H,H,H,H,C,C,H,H,H,H,C,C,C,C,C,C
63.5,C,H,H,H,H,H,H,H,C,C,H,H,H,H,C,C,C,C,C,C
63.6,C,H,H,H,H,H,H,H,C,C,H,H,H,H,C,C,C,C,C,C
63.7,C,H,H,H,H,H,H,H,C,C,H,H,H,H,C,C,C,C,C,C
63.8,C,H,H,H,H,H,H,H,H,C,H,H,H,C,C,C,C,C,C,C
63.9,C,H,H,H,H,H,H,H,C,C,H,H,H,C,C,C,C,C,C,C
64.0,C,H,H,H,H,H,H,H,C,C,H,H,H,H,C,C,C,C,C,C
64.1,C,H,H,H,H,H,H,H,C,C,H,H,H,H,C,C,C,C,C,C
64.2,C,H,H,H,H,H,H,H,C,C,C,H,H,H,C,C,C,C,C,C
64.3,C,H,H,H,H,H,H,H,H,C,H,H,H,H,C,C,C,C,C,C
64.4,C,H,H,H,H,H,H,H,H,C,H,H,H,H,C,C,C,C,C,C
64.5,C,H,H,H,H,H,H,H,H,C,H,H,H,H,C,C,C,C,C,C
64.6,C,H,H,H,H,H,H,H,H,C,H,H,H,H,C,C,C,C,C,C
64.7,C,C,H,H,H,H,H,H,H,C,H,H,H,H,C,C,C,C,C,C
64.8,C,H,H,H,H,H,H,H,C,C,H,H,H,H,C,C,C,C,C,C
64.9,C,C,H,H,H,H,H,H,H,C,C,H,H,H,C,C,C,C,C,C
65.0,C,C,H,H,H,H,H,H,C,C,H,H,H,H,C,C,C,C,C,C
65.1,C,H,H,H,H,H,H,H,H,C,H,H,H,H,C,C,C,C,C,C
65.2,C,H,H,H,H,H,H,H,C,C,H,H,H,H,C,C,C,C,C,C
65.3,C,H,H,H,H,H,H,H,H,C,H,H,H,H,C,C,C,C,C,C
65.4,C,H,H,H,H,H,H,H,C,C,H,H,H,H,C,C,C,C,C,C
65.5,C,H,H,H,H,H,H,H,C,C,H,H,H,C,C,C,C,C,C,C
65.6,C,C,H,H,H,H,H,H,H,C,H,H,H,H,C,C,C,C,C,C
65.7,C,H,H,H,H,H,H,H,C,C,H,H,H,H,C,C,C,C,C,C
65.8,C,H,H,H,H,H,H,H,C,C,H,H,H,H,C,C,C,C,C,C
65.9,C,H,H,H,H,H,H,H,H,C,H,H,H,C,C,C,C,C,C,C
66.0,C,H,H,H,H,H,H,H,C,C,C,C,C,C,C,C,C,C,C,C
66.1,C,H,H,H,H,H,H,H,C,C,H,H,H,C,C,C,C,C,C,C
66.2,C,C,C,H,H,H,H,H,C,C,H,H,H,C,C,C,C,C,C,C
66.3,C,H,H,H,H,H,H,H,H,C,H,H,H,C,C,C,C,C,C,C
66.4,C,H,H,H,H,H,H,H,C,C,H,H,H,H,C,C,C,C,C,C
66.5,C,H,H,H,H,H,H,H,C,C,H,H,H,C,C,C,C,C,C,C
66.6,C,H,H,H,H,H,H,H,H,C,H,H,H,H,C,C,C,C,C,C
66.7,C,H,H,H,H,H,H,H,C,C,H,H,H,H,C,C,C,C,C,C
66.8,C,C,H,H,H,H,H,H,H,C,H,H,H,C,C,C,C,C,C,C
66.9,C,C,H,H,H,H,H,H,H,C,H,H,H,H,C,C,C,C,C,C
67.0,C,H,H,H,H,H,H,H,C,C,H,H,H,H,C,C,C,C,C,C
67.1,C,H,H,H,H,H,H,H,C,C,H,H,H,H,C,C,C,C,C,C
67.2,C,H,H,H,H,H,H,H,C,C,H,H,H,C,C,C,C,C,C,C
67.3,C,H,H,H,H,H,H,H,C,C,H,H,H,C,C,C,C,C,C,C
67.4,C,H,H,H,H,H,H,H,C,C,H,H,H,C,C,C,C,C,C,C
67.5,C,H,H,H,H,H,H,H,C,C,H,H,H,H,C,C,C,C,C,C
67.6,C,H,H,H,H,H,H,H,C,C,H,H,H,H,C,C,C,C,C,C
67.7,C,H,H,H,H,H,H,H,C,C,H,H,H,C,C,C,C,C,C,C
67.8,C,H,H,H,H,H,H,H,C,C,H,H,H,H,C,C,C,C,C,C
67.9,C,H,H,H,H,H,H,H,C,C,H,H,H,C,C,C,C,C,C,C
68.0,C,H,H,H,H,H,H,H,H,C,H,H,H,C,C,C,C,C,C,C
68.1,C,H,H,H,H,H,H,H,H,C,H,H,H,H,C,C,C,C,C,C
68.2,C,H,H,H,H,H,H,C,C,C,H,H,H,H,C,C,C,C,C,C
68.3,C,H,H,H,H,H,H,H,C,C,H,H,H,H,C,C,C,C,C,C
68.4,C,H,H,H,H,H,H,H,C,C,H,H,H,H,C,C,C,C,C,C
68.5,C,H,H,H,H,H,H,H,C,C,H,H,H,H,C,C,C,C,C,C
68.6,C,H,H,H,H,H,H,H,C,C,H,H,H,H,C,C,C,C,C,C
68.7,C,H,H,H,H,H,H,H,H,H,H,H,H,C,C,C,C,C,C,C
68.8,C,H,H,H,H,H,H,H,C,C,H,H,H,C,C,C,C,C,C,C
68.9,C,H,H,H,H,H,H,H,H,C,H,H,H,C,C,C,C,C,C,C
69.0,C,H,H,H,H,H,H,H,C,C,H,H,H,C,C,C,C,C,C,C
69.1,C,H,H,H,H,H,H,H,C,C,H,H,H,H,C,C,C,C,C,C
69.2,C,H,H,H,H,H,H,H,C,C,H,H,H,C,C,C,C,C,C,C
69.3,C,H,H,H,H,H,H,H,C,C,H,H,H,C,C,C,C,C,C,C
69.4,C,H,H,H,H,H,H,H,C,C,H,H,H,C,C,C,C,C,C,C
69.5,C,H,H,H,H,H,H,H,C,C,H,H,H,C,C,C,C,C,C,C
69.6,C,H,H,H,H,H,H,C,C,C,H,H,H,H,C,C,C,C,C,C
69.7,C,H,H,H,H,H,H,H,H,C,H,H,H,H,C,C,C,C,C,C
69.8,C,H,H,H,H,H,H,H,C,C,H,H,H,C,C,C,C,C,C,C
69.9,C,C,H,H,H,H,H,H,C,C,H,H,H,H,C,C,C,C,C,C
70.0,C,H,H,H,H,H,H,H,C,C,H,H,H,H,C,C,C,C,C,C
70.1,C,H,H,H,H,H,H,H,H,C,H,H,H,H,C,C,C,C,C,C
70.2,C,H,H,H,H,H,H,H,H,C,H,H,H,C,C,C,C,C,C,C
70.3,C,H,H,H,H,H,H,H,C,C,H,H,H,H,C,C,C,C,C,C
70.4,C,C,H,H,H,H,H,H,C,C,C,H,H,H,C,C,C,C,C,C
70.5,C,H,H,H,H,H,H,H,C,C,H,H,H,C,C,C,C,C,C,C
70.6,C,H,H,H,H,H,H,H,C,C,H,H,H,C,C,C,C,C,C,C
70.7,C,H,H,H,H,H,H,H,C,C,H,H,H,H,C,C,C,C,C,C
70.8,C,H,H,H,H,H,H,H,C,C,H,H,H,C,C,C,C,C,C,C
70.9,C,H,H,H,H,H,H,H,H,C,H,H,H,H,C,C,C,C,C,C
71.0,C,H,H,H,H,H,H,C,C,C,H,H,H,H,C,C,C,C,C,C
71.1,C,H,H,H,H,H,H,H,C,C,H,H,H,H,C,C,C,C,C,C
71.2,C,H,H,H,H,H,H,H,C,C,H,H,H,H,C,C,C,C,C,C
71.3,C,H,H,H,H,H,H,H,C,C,H,H,H,H,C,C,C,C,C,C
71.4,C,H,H,H,H,H,H,H,C,C,H,H,H,H,C,C,C,C,C,C
71.5,C,H,H,H,H,H,H,H,C,C,H,H,H,H,C,C,C,C,C,C
71.6,C,H,H,H,H,H,H,H,C,C,H,H,H,H,C,C,C,C,C,C
71.7,C,H,H,H,H,H,H,H,C,C,H,H,H,C,C,C,C,C,C,C
71.8,C,H,H,H,H,H,H,H,H,C,H,H,H,C,C,C,C,C,C,C
71.9,C,C,C,H,H,H,H,H,C,C,H,H,H,C,C,C,C,C,C,C
72.0,C,H,H,H,H,H,H,H,C,C,H,H,H,C,C,C,C,C,C,C
72.1,C,H,H,H,H,H,H,H,H,C,C,H,H,H,C,C,C,C,C,C
72.2,C,H,H,H,H,H,H,H,H,C,H,H,H,H,C,C,C,C,C,C
72.3,C,H,H,H,H,H,H,C,C,C,H,H,H,H,C,C,C,C,C,C
72.4,C,H,H,H,H,H,H,H,C,C,H,H,H,H,C,C,C,C,C,C
72.5,C,C,H,H,H,H,H,H,C,C,C,H,H,H,C,C,C,C,C,C
72.6,C,C,H,H,H,H,H,H,H,C,H,H,H,H,C,C,C,C,C,C
72.7,C,C,H,H,H,H,H,H,C,C,C,H,H,H,C,C,C,C,C,C
72.8,C,H,H,H,H,H,H,H,C,C,H,H,H,H,C,C,C,C,C,C
72.9,C,H,H,H,H,H,H,H,C,C,H,H,H,H,C,C,C,C,C,C
73.0,C,H,H,H,H,H,H,H,H,C,C,H,H,H,C,C,C,C,C,C
73.1,C,H,H,H,H,H,H,H,C,C,H,H,H,H,C,C,C,C,C,C
73.2,C,H,H,H,H,H,H,C,C,C,H,H,H,H,C,C,C,C,C,C
73.3,C,H,H,H,H,H,H,H,C,C,H,H,H,H,C,C,C,C,C,C
73.4,C,H,H,H,H,H,H,H,C,C,H,H,H,H,C,C,C,C,C,C
73.5,C,H,H,H,H,H,H,H,C,C,H,H,H,C,C,C,C,C,C,C
73.6,C,H,H,H,H,H,H,H,C,C,H,H,H,H,C,C,C,C,C,C
73.7,C,C,H,H,H,H,H,H,C,C,H,H,H,C,C,C,C,C,C,C
73.8,C,C,H,H,H,H,H,H,H,C,H,H,H,H,C,C,C,C,C,C
73.9,C,C,H,H,H,H,H,H,H,C,H,H,H,H,C,C,C,C,C,C
74.0,C,H,H,H,H,H,H,H,C,C,H,H,H,H,C,C,C,C,C,C
74.1,C,H,H,H,H,H,H,H,C,C,H,H,H,H,C,C,C,C,C,C
74.2,C,H,H,H,H,H,H,H,C,C,H,H,H,H,C,C,C,C,C,C
74.3,C,H,H,H,H,H,H,H,C,C,H,H,H,H,C,C,C,C,C,C
74.4,C,H,H,H,H,H,H,H,C,C,H,H,H,H,C,C,C,C,C,C
74.5,C,H,H,H,H,H,H,H,C,C,H,H,H,C,C,C,C,C,C,C
74.6,C,H,H,H,H,H,H,H,C,C,H,H,H,C,C,C,C,C,C,C
74.7,C,H,H,H,H,H,H,H,C,C,H,H,H,C,C,C,C,C,C,C
74.8,C,H,H,H,H,H,H,H,H,C,H,H,H,C,C,C,C,C,C,C
74.9,C,H,H,H,H,H,H,H,C,C,H,H,H,H,C,C,C,C,C,C
75.0,C,C,H,H,H,H,H,H,C,C,H,H,H,H,C,C,C,C,C,C
75.1,C,H,H,H,H,H,H,H,C,C,H,H,H,H,C,C,C,C,C,C
75.2,C,H,H,H,H,H,H,H,H,C,H,H,H,H,C,C,C,C,C,C
75.3,C,H,H,H,H,H,H,H,H,C,H,H,H,H,C,C,C,C,C,C
75.4,C,H,H,H,H,H,H,H,H,C,H,H,H,C,C,C,C,C,C,C
75.5,C,H,H,H,H,H,H,H,H,C,H,H,H,C,C,C,C,C,C,C
75.6,C,H,H,H,H,H,H,C,C,C,H,H,H,C,C,C,C,C,C,C
75.7,C,H,H,H,H,H,H,H,C,C,H,H,H,H,C,C,C,C,C,C
75.8,C,H,H,H,H,H,H,H,C,C,H,H,H,H,C,C,C,C,C,C
75.9,C,H,H,H,H,H,H,H,C,C,H,H,H,C,C,C,C,C,C,C
76.0,C,H,H,H,H,H,H,H,C,C,H,H,H,H,C,C,C,C,C,C
76.1,C,H,H,H,H,H,H,H,H,C,H,H,H,H,C,C,C,C,C,C
76.2,C,H,H,H,H,H,H,H,H,C,H,H,H,C,C,C,C,C,C,C
76.3,C,H,H,H,H,H,H,H,H,C,H,H,H,C,C,C,C,C,C,C
76.4,C,H,H,H,H,H,H,H,H,C,H,H,H,H,C,C,C,C,C,C
76.5,C,H,H,H,H,H,H,H,H,C,H,H,H,C,C,C,C,C,C,C
76.6,C,H,H,H,H,H,H,H,C,C,H,H,H,H,C,C,C,C,C,C
76.7,C,H,H,H,H,H,H,H,H,C,H,H,H,H,C,C,C,C,C,C
76.8,C,H,H,H,H,H,H,H,H,C,H,H,H,H,C,C,C,C,C,C
76.9,C,H,H,H,H,H,H,H,H,C,H,H,H,C,C,C,C,C,C,C
77.0,C,H,H,H,H,H,H,H,H,C,H,H,H,C,C,C,C,C,C,C
77.1,C,H,H,H,H,H,H,H,H,C,H,H,H,C,C,C,C,C,C,C
77.2,C,H,H,H,H,H,H,H,C,C,H,H,H,C,C,C,C,C,C,C
77.3,C,H,H,H,H,H,H,C,C,C,H,H,H,C,C,C,C,C,C,C
77.4,C,H,H,H,H,H,H,C,C,C,H,H,H,H,C,C,C,C,C,C
77.5,C,H,H,H,H,H,H,H,H,C,H,H,H,C,C,C,C,C,C,C
77.6,C,H,H,H,H,H,H,H,H,C,H,H,H,H,C,C,C,C,C,C
77.7,C,H,H,H,H,H,H,H,C,C,H,H,H,H,C,C,C,C,C,C
77.8,C,H,H,H,H,H,H,H,C,C,H,H,H,C,C,C,C,C,C,C
77.9,C,H,H,H,H,H,H,H,C,C,H,H,H,H,C,C,C,C,C,C
78.0,C,H,H,H,H,H,H,H,H,C,H,H,H,H,C,C,C,C,C,C
78.1,C,H,H,H,H,H,H,H,H,C,H,H,H,C,C,C,C,C,C,C
78.2,C,H,H,H,H,H,H,H,H,C,H,H,H,H,C,C,C,C,C,C
78.3,C,H,H,H,H,H,H,H,H,C,H,H,H,C,C,C,C,C,C,C
78.4,C,H,H,H,H,H,H,H,C,C,H,H,H,C,C,C,C,C,C,C
78.5,C,H,H,H,H,H,H,H,C,C,H,H,H,C,C,C,C,C,C,C
78.6,C,H,H,H,H,H,H,H,H,C,H,H,H,H,C,C,C,C,C,C
78.7,C,H,H,H,H,H,H,H,C,C,H,H,H,H,C,C,C,C,C,C
78.8,C,H,H,H,H,H,H,H,H,C,H,H,H,C,C,C,C,C,C,C
78.9,C,C,H,H,H,H,H,C,C,C,H,H,H,C,C,C,C,C,C,C
79.0,C,C,H,H,H,H,H,H,C,C,H,H,H,H,C,C,C,C,C,C
79.1,C,H,H,H,H,H,H,H,H,C,H,H,H,H,C,C,C,C,C,C
79.2,C,H,H,H,H,H,H,H,C,C,H,H,H,C,C,C,C,C,C,C
79.3,C,C,H,H,H,H,H,H,C,C,H,H,H,C,C,C,C,C,C,C
79.4,C,H,H,H,H,H,H,H,C,C,H,H,H,H,C,C,C,C,C,C
79.5,C,H,H,H,H,H,H,H,C,C,H,H,H,H,C,C,C,C,C,C
79.6,C,H,H,H,H,H,H,C,C,C,H,H,H,H,C,C,C,C,C,C
79.7,C,H,H,H,H,H,H,H,C,C,H,H,H,H,C,C,C,C,C,C
79.8,C,H,H,H,H,H,H,H,H,C,H,H,H,C,C,C,C,C,C,C
79.9,C,H,H,H,H,H,H,H,C,C,H,H,H,H,C,C,C,C,C,C
80.0,C,H,H,H,H,H,H,H,C,C,H,H,H,C,C,C,C,C,C,C
80.1,C,H,H,H,H,H,H,C,C,C,H,H,H,H,C,C,C,C,C,C
80.2,C,H,H,H,H,H,H,H,H,C,H,H,H,C,C,C,C,C,C,C
80.3,C,H,H,H,H,H,H,H,C,C,H,H,H,C,C,C,C,C,C,C
80.4,C,C,H,H,H,H,H,C,C,C,H,H,H,H,C,C,C,C,C,C
80.5,C,C,H,H,H,H,H,C,C,C,H,H,H,H,C,C,C,C,C,C
80.6,C,H,H,H,H,H,H,C,C,C,H,H,H,C,C,C,C,C,C,C
80.7,C,H,H,H,H,H,H,H,H,C,H,H,H,H,C,C,C,C,C,C
80.8,C,H,H,H,H,H,H,C,C,C,H,H,H,H,C,C,C,C,C,C
80.9,C,H,H,H,H,H,H,H,C,C,H,H,H,H,C,C,C,C,C,C
81.0,C,H,H,H,H,H,H,H,C,C,H,H,H,H,C,C,C,C,C,C
81.1,C,H,H,H,H,H,H,H,H,C,H,H,H,C,C,C,C,C,C,C
81.2,C,H,H,H,H,H,H,H,C,C,H,H,H,H,C,C,C,C,C,C
81.3,C,H,H,H,H,H,H,H,C,C,H,H,H,C,C,C,C,C,C,C
81.4,C,H,H,H,H,H,H,H,H,C,H,H,H,C,C,C,C,C,C,C
81.5,C,H,H,H,H,H,H,H,H,C,H,H,H,H,C,C,C,C,C,C
81.6,C,C,C,H,H,H,H,H,C,C,H,H,H,C,C,C,C,C,C,C
81.7,C,C,H,H,H,H,H,C,C,C,H,H,H,C,C,C,C,C,C,C
81.8,C,H,H,H,H,H,H,H,C,C,H,H,H,C,C,C,C,C,C,C
81.9,C,H,H,H,H,H,H,H,H,C,C,C,C,C,C,C,C,C,C,C
82.0,C,H,H,H,H,H,H,C,C,C,H,H,H,C,C,C,C,C,C,C
82.1,C,H,H,H,H,H,H,H,H,C,C,H,H,H,C,C,C,C,C,C
82.2,C,C,H,H,H,H,H,H,C,C,H,H,H,C,C,C,C,C,C,C
82.3,C,H,H,H,H,H,H,C,C,C,H,H,H,C,C,C,C,C,C,C
82.4,C,H,H,H,H,H,H,C,C,C,H,H,H,H,C,C,C,C,C,C
82.5,C,H,H,H,H,H,H,H,C,C,H,H,H,C,C,C,C,C,C,C
82.6,C,H,H,H,H,H,H,H,H,C,H,H,H,H,C,C,C,C,C,C
82.7,C,H,H,H,H,H,H,H,H,C,H,H,H,C,C,C,C,C,C,C
82.8,C,H,H,H,H,H,H,H,H,C,H,H,H,C,C,C,C,C,C,C
82.9,C,C,C,H,H,H,H,C,C,C,H,H,H,C,C,C,C,C,C,C
83.0,C,H,H,H,H,H,H,H,H,C,H,H,H,H,C,C,C,C,C,C
83.1,C,H,H,H,H,H,H,H,C,C,H,H,H,C,C,C,C,C,C,C
83.2,C,H,H,H,H,H,H,H,H,C,H,H,H,H,C,C,C,C,C,C
83.3,C,H,H,H,H,H,H,H,H,C,H,H,H,C,C,C,C,C,C,C
83.4,C,H,H,H,H,H,H,H,H,C,H,H,H,C,C,C,C,C,C,C
83.5,C,H,H,H,H,H,H,H,H,C,H,H,H,C,C,C,C,C,C,C
83.6,C,H,H,H,H,H,H,H,H,C,H,H,H,C,C,C,C,C,C,C
83.7,C,H,H,H,H,H,H,H,H,C,H,H,H,C,C,C,C,C,C,C
83.8,C,H,H,H,H,H,H,C,C,C,C,C,C,C,C,C,C,C,C,C
83.9,C,H,H,H,H,H,H,H,H,C,H,H,H,C,C,C,C,C,C,C
84.0,C,H,H,H,H,H,H,C,C,C,H,H,H,C,C,C,C,C,C,C
84.1,C,H,H,H,H,H,H,H,H,C,H,H,H,C,C,C,C,C,C,C
84.2,C,H,H,H,H,H,H,H,C,C,H,H,H,C,C,C,C,C,C,C
84.3,C,H,H,H,H,H,H,H,C,C,H,H,H,C,C,C,C,C,C,C
84.4,C,H,H,H,H,H,H,H,H,C,H,H,H,H,C,C,C,C,C,C
84.5,C,H,H,H,H,H,H,H,H,C,H,H,H,C,C,C,C,C,C,C
84.6,C,C,H,H,H,H,H,H,C,C,H,H,H,H,C,C,C,C,C,C
84.7,C,C,H,H,H,H,H,H,H,C,H,H,H,C,C,C,C,C,C,C
84.8,C,H,H,H,H,H,H,H,C,C,H,H,H,H,C,C,C,C,C,C
84.9,C,H,H,H,H,H,H,H,C,C,H,H,H,H,C,C,C,C,C,C
85.0,C,H,H,H,H,H,H,H,H,C,H,H,H,C,C,C,C,C,C,C
85.1,C,H,H,H,H,H,H,H,C,C,H,H,H,C,C,C,C,C,C,C
85.2,C,H,H,H,H,H,H,H,C,C,H,H,H,C,C,C,C,C,C,C
85.3,C,C,H,H,H,H,H,H,C,C,H,H,H,C,C,C,C,C,C,C
85.4,C,H,H,H,H,H,H,H,C,C,H,H,H,H,C,C,C,C,C,C
85.5,C,H,H,H,H,H,H,H,C,C,H,H,H,C,C,C,C,C,C,C
85.6,C,H,H,H,H,H,H,H,H,C,H,H,H,H,C,C,C,C,C,C
85.7,C,C,H,H,H,H,H,H,H,C,H,H,H,C,C,C,C,C,C,C
85.8,C,H,H,H,H,H,H,H,C,C,H,H,H,C,C,C,C,C,C,C
85.9,C,H,H,H,H,H,H,H,H,C,H,H,H,C,C,C,C,C,C,C
86.0,C,H,H,H,H,H,H,H,C,C,H,H,H,H,C,C,C,C,C,C
86.1,C,H,H,H,H,H,H,H,H,C,H,H,H,C,C,C,C,C,C,C
86.2,C,H,H,H,H,H,H,H,H,C,H,H,H,C,C,C,C,C,C,C
86.3,C,H,H,H,H,H,H,H,C,C,H,H,H,H,C,C,C,C,C,C
86.4,C,H,H,H,H,H,H,H,C,C,H,H,H,C,C,C,C,C,C,C
86.5,C,H,H,H,H,H,H,H,H,C,H,H,H,H,C,C,C,C,C,C
86.6,C,H,H,H,H,H,H,C,C,C,H,H,H,C,C,C,C,C,C,C
86.7,C,H,H,H,H,H,H,H,C,C,H,H,H,H,C,C,C,C,C,C
86.8,C,H,H,H,H,H,H,H,H,C,H,H,H,C,C,C,C,C,C,C
86.9,C,H,H,H,H,H,H,H,C,C,H,H,H,H,C,C,C,C,C,C
87.0,C,H,H,H,H,H,H,H,C,C,H,H,H,H,C,C,C,C,C,C
87.1,C,H,H,H,H,H,H,H,H,C,H,H,H,C,C,C,C,C,C,C
87.2,C,C,H,H,H,H,H,H,C,C,H,H,H,H,C,C,C,C,C,C
87.3,C,H,H,H,H,H,H,H,H,C,H,H,H,H,C,C,C,C,C,C
87.4,C,H,H,H,H,H,H,H,H,C,H,H,H,H,C,C,C,C,C,C
87.5,C,H,H,H,H,H,H,H,H,C,H,H,H,H,C,C,C,C,C,C
87.6,C,H,H,H,H,H,H,H,C,C,H,H,H,H,C,C,C,C,C,C
87.7,C,H,H,H,H,H,H,H,H,C,H,H,H,C,C,C,C,C,C,C
87.8,C,H,H,H,H,H,H,H,H,C,H,H,H,C,C,C,C,C,C,C
87.9,C,H,H,H,H,H,H,H,C,C,H,H,H,C,C,C,C,C,C,C
88.0,C,H,H,H,H,H,H,H,C,C,H,H,H,H,C,C,C,C,C,C
88.1,C,H,H,H,H,H,H,H,C,C,H,H,H,C,C,C,C,C,C,C
88.2,C,H,H,H,H,H,H,H,H,C,H,H,H,H,C,C,C,C,C,C
88.3,C,H,H,H,H,H,H,H,C,C,H,H,H,H,C,C,C,C,C,C
88.4,C,H,H,H,H,H,H,H,H,C,H,H,H,C,C,C,C,C,C,C
88.5,C,H,H,H,H,H,H,H,C,C,H,H,H,H,C,C,C,C,C,C
88.6,C,H,H,H,H,H,H,H,C,C,H,H,H,C,C,C,C,C,C,C
88.7,C,H,H,H,H,H,H,H,H,C,H,H,H,H,C,C,C,C,C,C
88.8,C,H,H,H,H,H,H,H,C,C,H,H,H,C,C,C,C,C,C,C
88.9,C,H,H,H,H,H,H,H,H,C,H,H,H,C,C,C,C,C,C,C
89.0,C,C,C,H,H,H,H,H,H,C,H,H,H,C,C,C,C,C,C,C
89.1,C,H,H,H,H,H,H,H,H,C,C,H,H,H,C,C,C,C,C,C
89.2,C,H,H,H,H,H,H,H,C,C,H,H,H,C,C,C,C,C,C,C
89.3,C,H,H,H,H,H,H,H,H,C,H,H,H,C,C,C,C,C,C,C
89.4,C,C,H,H,H,H,H,H,C,C,H,H,H,C,C,C,C,C,C,C
89.5,C,H,H,H,H,H,H,C,C,C,H,H,H,C,C,C,C,C,C,C
89.6,C,H,H,H,H,H,H,H,C,C,H,H,H,C,C,C,C,C,C,C
89.7,C,H,H,H,H,H,H,C,C,C,H,H,H,C,C,C,C,C,C,C
89.8,C,C,H,H,H,H,H,H,C,C,H,H,H,C,C,C,C,C,C,C
89.9,C,C,C,H,H,H,H,C,C,C,H,H,H,C,C,C,C,C,C,C
90.0,C,H,H,H,H,H,H,H,C,C,H,H,H,C,C,C,C,C,C,C
90.1,C,H,H,H,H,H,H,H,C,C,H,H,H,C,C,C,C,C,C,C
90.2,C,H,H,H,H,H,H,H,C,C,H,H,H,H,C,C,C,C,C,C
90.3,C,H,H,H,H,H,H,H,H,C,H,H,H,H,C,C,C,C,C,C
90.4,C,H,H,H,H,H,H,H,C,C,H,H,H,H,C,C,C,C,C,C
90.5,C,H,H,H,H,H,H,H,C,C,H,H,H,H,C,C,C,C,C,C
90.6,C,H,H,H,H,H,H,C,C,C,H,H,H,C,C,C,C,C,C,C
90.7,C,H,H,H,H,H,H,H,H,C,H,H,H,H,C,C,C,C,C,C
90.8,C,H,H,H,H,H,H,H,C,C,H,H,H,C,C,C,C,C,C,C
90.9,C,H,H,H,H,H,H,H,C,C,H,H,H,C,C,C,C,C,C,C
91.0,C,H,H,H,H,H,H,H,C,C,H,H,H,H,C,C,C,C,C,C
91.1,C,H,H,H,H,H,H,H,C,C,H,H,H,C,C,C,C,C,C,C
91.2,C,H,H,H,H,H,H,H,C,C,H,H,H,C,C,C,C,C,C,C
91.3,C,H,H,H,H,H,H,H,H,C,H,H,H,H,C,C,C,C,C,C
91.4,C,C,H,H,H,H,H,H,H,C,H,H,H,H,C,C,C,C,C,C
91.5,C,H,H,H,H,H,H,H,C,C,H,H,H,H,C,C,C,C,C,C
91.6,C,H,H,H,H,H,H,H,C,C,H,H,H,C,C,C,C,C,C,C
91.7,C,H,H,H,H,H,H,C,C,C,H,H,H,C,C,C,C,C,C,C
91.8,C,H,H,H,H,H,H,C,C,C,H,H,H,H,C,C,C,C,C,C
91.9,C,H,H,H,H,H,H,H,C,C,H,H,H,H,C,C,C,C,C,C
92.0,C,H,H,H,H,H,H,H,C,C,H,H,H,C,C,C,C,C,C,C
92.1,C,H,H,H,H,H,H,H,H,C,H,H,H,H,C,C,C,C,C,C
92.2,C,C,H,H,H,H,H,H,C,C,H,H,H,H,C,C,C,C,C,C
92.3,C,H,H,H,H,H,H,H,C,C,H,H,H,C,C,C,C,C,C,C
92.4,C,H,H,H,H,H,H,H,H,C,H,H,H,C,C,C,C,C,C,C
92.5,C,C,H,H,H,H,H,H,C,C,H,H,H,H,C,C,C,C,C,C
92.6,C,H,H,H,H,H,H,H,C,C,H,H,H,C,C,C,C,C,C,C
92.7,C,H,H,H,H,H,H,H,C,C,H,H,H,H,C,C,C,C,C,C
92.8,C,H,H,H,H,H,H,H,C,C,H,H,H,C,C,C,C,C,C,C
92.9,C,C,H,H,H,H,H,H,C,C,H,H,H,C,C,C,C,C,C,C
93.0,C,H,H,H,H,H,H,H,C,C,H,H,H,C,C,C,C,C,C,C
93.1,C,C,H,H,H,H,H,H,C,C,H,H,H,C,C,C,C,C,C,C
93.2,C,H,H,H,H,H,H,H,C,C,H,H,H,C,C,C,C,C,C,C
93.3,C,H,H,H,H,H,H,H,C,C,H,H,H,H,C,C,C,C,C,C
93.4,C,C,H,H,H,H,H,H,H,C,H,H,H,C,C,C,C,C,C,C
93.5,C,C,H,H,H,H,H,H,C,C,H,H,H,H,C,C,C,C,C,C
93.6,C,H,H,H,H,H,H,H,C,C,H,H,H,C,C,C,C,C,C,C
93.7,C,H,H,H,H,H,H,H,C,C,H,H,H,H,C,C,C,C,C,C
93.8,C,H,H,H,H,H,H,H,C,C,H,H,H,C,C,C,C,C,C,C
93.9,C,H,H,H,H,H,H,H,C,C,H,H,H,H,C,C,C,C,C,C
94.0,C,H,H,H,H,H,H,H,H,C,H,H,H,C,C,C,C,C,C,C
94.1,C,H,H,H,H,H,H,C,C,C,H,H,H,C,C,C,C,C,C,C
94.2,C,H,H,H,H,H,H,H,C,C,H,H,H,H,C,C,C,C,C,C
94.3,C,H,H,H,H,H,H,H,C,C,H,H,H,C,C,C,C,C,C,C
94.4,C,H,H,H,H,H,H,H,H,C,H,H,H,C,C,C,C,C,C,C
94.5,C,H,H,H,H,H,H,H,C,C,C,C,C,C,C,C,C,C,C,C
94.6,C,H,H,H,H,H,H,H,H,C,H,H,H,C,C,C,C,C,C,C
94.7,C,H,H,H,H,H,H,H,C,C,H,H,H,H,C,C,C,C,C,C
94.8,C,H,H,H,H,H,H,H,C,C,H,H,H,H,C,C,C,C,C,C
94.9,C,H,H,H,H,H,H,H,C,C,H,H,H,C,C,C,C,C,C,C
95.0,C,H,H,H,H,H,H,H,C,C,H,H,H,C,C,C,C,C,C,C
95.1,C,H,H,H,H,H,H,H,H,C,H,H,H,H,C,C,C,C,C,C
95.2,C,H,H,H,H,H,H,H,H,C,H,H,H,H,C,C,C,C,C,C
95.3,C,H,H,H,H,H,H,H,C,C,H,H,H,H,C,C,C,C,C,C
95.4,C,H,H,H,H,H,H,H,C,C,H,H,H,C,C,C,C,C,C,C
95.5,C,H,H,H,H,H,H,H,C,C,H,H,H,H,C,C,C,C,C,C
95.6,C,H,H,H,H,H,H,H,C,C,H,H,H,H,C,C,C,C,C,C
95.7,C,H,H,H,H,H,H,H,C,C,H,H,H,C,C,C,C,C,C,C
95.8,C,H,H,H,H,H,H,H,C,C,H,H,H,C,C,C,C,C,C,C
95.9,C,H,H,H,H,H,H,H,H,C,H,H,H,H,C,C,C,C,C,C
96.0,C,H,H,H,H,H,H,H,H,C,H,H,H,C,C,C,C,C,C,C
96.1,C,H,H,H,H,H,H,H,C,C,H,H,H,H,C,C,C,C,C,C
96.2,C,H,H,H,H,H,H,H,C,C,H,H,H,H,C,C,C,C,C,C
96.3,C,H,H,H,H,H,H,H,C,C,H,H,H,H,C,C,C,C,C,C
96.4,C,H,H,H,H,H,H,H,C,C,H,H,H,C,C,C,C,C,C,C
96.5,C,H,H,H,H,H,H,H,C,C,H,H,H,H,C,C,C,C,C,C
96.6,C,H,H,H,H,H,H,C,C,C,H,H,H,C,C,C,C,C,C,C
96.7,C,C,H,H,H,H,H,H,C,C,H,H,H,C,C,C,C,C,C,C
96.8,C,C,H,H,H,H,H,C,C,C,H,H,H,C,C,C,C,C,C,C
96.9,C,H,H,H,H,H,H,H,H,C,H,H,H,C,C,C,C,C,C,C
97.0,C,H,H,H,H,H,H,H,C,C,H,H,H,H,C,C,C,C,C,C
97.1,C,H,H,H,H,H,H,H,H,C,H,H,H,H,C,C,C,C,C,C
97.2,C,H,H,H,H,H,H,H,C,C,H,H,H,C,C,C,C,C,C,C
97.3,C,H,H,H,H,H,H,H,C,C,H,H,H,H,C,C,C,C,C,C
97.4,C,H,H,H,H,H,H,H,C,C,H,H,H,H,C,C,C,C,C,C
97.5,C,H,H,H,H,H,H,H,C,C,H,H,H,H,C,C,C,C,C,C
97.6,C,H,H,H,H,H,H,H,H,C,H,H,H,H,C,C,C,C,C,C
97.7,C,H,H,H,H,H,H,H,C,C,H,H,H,C,C,C,C,C,C,C
97.8,C,H,H,H,H,H,H,H,C,C,H,H,H,C,C,C,C,C,C,C
97.9,C,H,H,H,H,H,H,H,C,C,H,H,H,H,C,C,C,C,C,C
98.0,C,H,H,H,H,H,H,H,C,C,H,H,H,H,C,C,C,C,C,C
98.1,C,H,H,H,H,H,H,H,C,C,H,H,H,C,C,C,C,C,C,C
98.2,C,H,H,H,H,H,H,H,H,C,H,H,H,C,C,C,C,C,C,C
98.3,C,H,H,H,H,H,H,H,C,C,H,H,H,H,C,C,C,C,C,C
98.4,C,H,H,H,H,H,H,H,C,C,H,H,H,H,C,C,C,C,C,C
98.5,C,H,H,H,H,H,H,H,H,C,H,H,H,C,C,C,C,C,C,C
98.6,C,H,H,H,H,H,H,H,C,C,H,H,H,H,C,C,C,C,C,C
98.7,C,H,H,H,H,H,H,H,C,C,H,H,H,C,C,C,C,C,C,C
98.8,C,H,H,H,H,H,H,H,C,C,H,H,H,H,C,C,C,C,C,C
98.9,C,H,H,H,H,H,H,H,C,C,H,H,H,C,C,C,C,C,C,C
99.0,C,H,H,H,H,H,H,H,C,C,H,H,H,H,C,C,C,C,C,C
99.1,C,H,H,H,H,H,H,H,C,C,H,H,H,H,C,C,C,C,C,C
99.2,C,H,H,H,H,H,H,H,C,C,H,H,H,H,C,C,C,C,C,C
99.3,C,H,H,H,H,H,H,H,H,C,H,H,H,C,C,C,C,C,C,C
99.4,C,H,H,H,H,H,H,H,C,C,H,H,H,C,C,C,C,C,C,C
99.5,C,H,H,H,H,H,H,H,C,C,H,H,H,C,C,C,C,C,C,C
99.6,C,H,H,H,H,H,H,H,H,C,H,H,H,H,C,C,C,C,C,C
99.7,C,H,H,H,H,H,H,H,H,C,C,C,C,C,C,C,C,C,C,C
99.8,C,H,H,H,H,H,H,H,C,C,H,H,H,H,C,C,C,C,C,C
99.9,C,H,H,H,H,H,H,H,C,C,H,H,H,H,C,C,C,C,C,C
100.0,C,H,H,H,H,H,H,H,H,C,H,H,H,C,C,C,C,C,C,C
100.1,C,H,H,H,H,H,H,C,C,C,H,H,H,H,C,C,C,C,C,C
100.2,C,H,H,H,H,H,H,H,C,C,H,H,H,C,C,C,C,C,C,C
100.3,C,H,H,H,H,H,H,H,C,C,H,H,H,C,C,C,C,C,C,C
