Time_ns,PC1,PC2,PC3,Cluster,RMSD_A,NativeQ,Rg_A
0.4,-0.1288,0.2668,0.1346,3,0.0000,0.5000,7.1392
0.5,0.3401,0.6419,0.0352,3,2.0460,0.4888,7.0179
0.6,0.2258,0.4096,-0.0070,3,2.1767,0.4814,7.2199
0.7,0.5031,0.1119,0.0420,2,3.1380,0.4781,7.2053
0.8,0.2174,-0.4033,-0.3833,1,3.7585,0.4834,6.8390
0.9,0.1783,-0.3684,-0.2308,1,3.4295,0.4919,6.8298
1.0,0.2385,-0.3844,-0.0534,1,3.4178,0.4760,7.0444
1.1,0.1790,-0.4390,-0.2946,1,3.6669,0.4891,6.7533
1.2,0.0512,-0.5851,-0.1910,1,3.5240,0.4856,6.8031
1.3,0.2281,-0.4432,-0.2684,1,3.8279,0.4882,6.7947
1.4,0.1461,-0.5737,-0.0658,1,3.6292,0.4844,6.8762
1.5,0.2540,-0.1430,-0.0255,1,3.4003,0.4883,7.0160
1.6,0.3740,-0.1503,-0.1280,1,3.5696,0.4730,7.1967
1.7,0.4041,-0.1202,-0.0958,1,3.8541,0.4709,7.2101
1.8,0.3285,0.0671,0.3049,3,3.0911,0.4765,7.2931
1.9,0.3358,0.0508,0.1119,3,3.1059,0.4808,7.1737
2.0,0.4101,-0.1302,0.0570,1,3.7946,0.4756,7.1549
2.1,0.4970,-0.0004,-0.0150,1,3.6654,0.4803,7.0957
2.2,0.1990,-0.3648,-0.2711,1,3.7369,0.4863,6.8791
2.3,0.2651,-0.2868,-0.4370,1,3.7431,0.4883,6.7959
2.4,0.1946,-0.2294,-0.2464,1,3.5809,0.4987,6.7957
2.5,0.2435,-0.3838,-0.3179,1,3.7740,0.4820,6.8374
2.6,0.2753,-0.3195,-0.0625,1,3.3402,0.4848,7.0165
2.7,0.3191,-0.0543,0.3575,1,3.3087,0.4735,7.3170
2.8,0.3871,-0.1862,0.4208,1,3.2436,0.4655,7.2427
2.9,0.5025,0.0708,0.1526,2,3.4667,0.4783,7.1663
3.0,0.2398,-0.2491,-0.0488,1,3.6343,0.4930,6.9430
3.1,0.3583,-0.2135,0.0404,1,3.6750,0.4807,7.0735
3.2,0.4288,-0.2895,-0.0575,1,3.8473,0.4855,6.9667
3.3,0.3576,-0.2150,0.0245,1,3.6028,0.4824,7.0675
3.4,0.2941,-0.1729,-0.0590,1,3.4225,0.4856,7.0783
3.5,0.2597,-0.2244,0.0525,1,3.2095,0.4788,7.0944
3.6,0.0066,-0.3418,0.6737,0,3.3943,0.4726,7.3583
3.7,0.0085,-0.3512,0.5464,0,3.2440,0.4724,7.4157
3.8,0.3261,-0.2783,0.1168,1,3.2112,0.4782,7.1142
3.9,0.2789,-0.0965,-0.0514,1,3.2539,0.4822,7.0538
4.0,0.1948,-0.3383,-0.0700,1,3.5411,0.4867,6.9376
4.1,0.1461,-0.5219,-0.3716,1,3.7640,0.4937,6.6963
4.2,0.1247,-0.4815,-0.2414,1,3.7143,0.4944,6.6835
4.3,0.1297,-0.4474,-0.1391,1,3.3359,0.4919,6.7677
4.4,0.2263,-0.4176,-0.1792,1,3.4924,0.4796,6.9326
4.5,0.3825,-0.2113,-0.1028,1,3.5404,0.4762,7.1202
4.6,0.4491,-0.1689,-0.2119,1,3.8997,0.4836,6.9527
4.7,0.3416,-0.3311,-0.0542,1,3.6740,0.4866,6.8825
4.8,0.3206,-0.2019,-0.3197,1,3.8522,0.4804,6.9630
4.9,0.2494,-0.4449,-0.3284,1,3.8344,0.4781,6.8593
5.0,0.1488,-0.4457,-0.3354,1,3.6454,0.4848,6.8649
5.1,0.2391,-0.4485,-0.0894,1,3.8924,0.4876,6.8476
5.2,0.2768,-0.4096,-0.0997,1,3.8621,0.4707,7.1271
5.3,0.4498,-0.1463,-0.2745,1,4.1184,0.4755,6.9767
5.4,0.3142,-0.3837,-0.3065,1,4.0253,0.4822,6.9464
5.5,0.4578,-0.2120,-0.0414,1,3.6496,0.4826,6.9629
5.6,0.2749,-0.3496,-0.3470,1,3.8610,0.4892,6.7900
5.7,0.1839,-0.3755,-0.2891,1,3.7340,0.4902,6.8773
5.8,0.4432,0.0823,0.0852,1,3.4620,0.4770,7.2052
5.9,0.2351,-0.2546,0.3170,1,3.2691,0.4787,7.1660
6.0,0.3139,-0.2183,0.3392,1,3.3771,0.4764,7.1953
6.1,0.3643,-0.1648,-0.0326,1,3.4711,0.4872,6.9673
6.2,0.3087,-0.1655,0.0488,1,3.1786,0.4650,7.1794
6.3,0.0719,-0.4451,-0.3616,1,3.8483,0.4804,6.8094
6.4,0.2964,-0.1881,-0.1286,1,3.5165,0.4686,7.1368
6.5,0.1582,-0.3590,-0.0426,1,3.4447,0.4754,6.9793
6.6,0.2903,-0.4132,-0.0682,1,3.7231,0.4757,6.9647
6.7,0.1525,-0.4261,-0.2272,1,3.6979,0.4788,6.8735
6.8,0.2128,-0.2799,-0.1140,1,3.3384,0.4806,6.8115
6.9,0.1851,-0.3458,-0.1370,1,3.6123,0.4826,6.8431
7.0,0.1229,-0.5359,-0.3003,1,3.9453,0.4820,6.6722
7.1,0.0192,-0.4930,-0.2227,1,3.9051,0.4802,6.7864
7.2,0.0718,-0.4306,-0.1682,1,3.6244,0.4769,6.8239
7.3,0.2712,-0.1993,-0.0867,1,3.5713,0.4827,6.9438
7.4,0.8427,-0.2074,0.3326,1,4.4839,0.4487,7.4717
7.5,0.9956,-0.0675,0.1677,2,4.7053,0.4460,7.2976
7.6,0.8198,-0.1918,0.2551,1,4.5288,0.4491,7.3172
7.7,0.9967,-0.0354,0.2338,2,4.8455,0.4502,7.3054
7.8,0.8998,-0.0846,0.0558,2,4.7682,0.4500,7.1312
7.9,1.0794,0.0454,0.1574,2,5.0524,0.4455,7.2917
8.0,1.1858,0.1301,0.1338,2,5.2583,0.4396,7.2509
8.1,1.0870,0.0267,0.1946,2,4.9278,0.4414,7.3037
8.2,1.1784,0.1021,0.1034,2,5.1806,0.4388,7.2378
8.3,1.0736,-0.0453,0.3205,2,4.8580,0.4351,7.4207
8.4,1.1039,-0.0063,0.3194,2,4.9227,0.4396,7.4522
8.5,0.8752,-0.1833,0.4022,1,4.5523,0.4465,7.3879
8.6,0.6647,-0.4340,0.3263,1,4.4379,0.4310,7.7431
8.7,0.4040,-0.7650,-0.1800,1,4.7137,0.4554,6.9973
8.8,0.3069,-0.9146,-0.1437,1,4.6993,0.4515,7.0203
8.9,0.4354,-0.7921,-0.0754,1,4.6387,0.4486,7.0883
9.0,0.2576,-0.8189,-0.1029,1,4.6630,0.4571,6.9993
9.1,0.4166,-0.6821,-0.1162,1,4.4516,0.4535,7.0438
9.2,0.4866,-0.5685,0.0772,1,4.3916,0.4622,7.0572
9.3,0.6932,-0.3891,0.3190,1,4.3078,0.4572,7.3394
9.4,0.7419,-0.4167,0.3832,1,4.5384,0.4437,7.5126
9.5,0.5600,-0.4213,0.1180,1,4.2139,0.4568,7.1017
9.6,0.7258,-0.4011,0.5290,1,4.6195,0.4490,7.4382
9.7,0.6510,-0.5390,0.2252,1,4.3642,0.4534,7.2465
9.8,0.7225,-0.5566,0.1287,1,4.3973,0.4447,7.3329
9.9,0.3824,-0.7905,0.1889,1,4.2689,0.4492,7.2053
10.0,0.5338,-0.5237,-0.0081,1,4.5283,0.4520,7.1502
10.1,0.6521,-0.4742,-0.1132,1,4.6380,0.4600,7.0905
10.2,0.6229,-0.4565,-0.1387,1,4.5283,0.4604,7.0141
10.3,0.4760,-0.4451,-0.1106,1,4.3877,0.4759,6.8483
10.4,0.5469,-0.3755,0.2886,1,4.2675,0.4632,7.2308
10.5,0.8010,-0.1093,0.3070,2,4.5322,0.4443,7.4184
10.6,0.5315,-0.5110,0.1661,1,4.3849,0.4594,7.2375
10.7,0.5549,-0.5561,0.3004,1,4.2865,0.4565,7.3029
10.8,0.5434,-0.5867,0.2745,1,4.4448,0.4602,7.1514
10.9,0.6380,-0.4432,-0.0258,1,4.4311,0.4571,7.1236
11.0,0.7457,-0.4202,-0.0583,1,4.5839,0.4512,7.1643
11.1,0.8406,-0.1723,0.1374,1,4.5360,0.4458,7.4626
11.2,0.5234,-0.5554,0.0284,1,4.3457,0.4582,7.1393
11.3,0.4884,-0.6391,0.0832,1,4.3887,0.4426,7.2688
11.4,0.6159,-0.4424,0.1497,1,4.3238,0.4551,7.3329
11.5,0.4921,-0.6626,0.1363,1,4.2608,0.4486,7.2301
11.6,0.9907,-0.1759,0.2142,2,4.6337,0.4361,7.6118
11.7,0.6617,-0.6189,0.1815,1,4.5985,0.4504,7.2975
11.8,0.6649,-0.4503,0.0358,1,4.4231,0.4585,7.1389
11.9,0.5147,-0.6609,-0.1939,1,4.7085,0.4524,7.1194
12.0,0.5375,-0.6170,-0.1193,1,4.5595,0.4547,7.1105
12.1,0.6928,-0.5745,-0.1447,1,4.6882,0.4431,7.2340
12.2,0.7130,-0.4861,-0.1465,1,4.5595,0.4497,7.2183
12.3,0.6537,-0.5982,0.0192,1,4.5095,0.4475,7.2442
12.4,0.6124,-0.5728,0.1498,1,4.4085,0.4519,7.2664
12.5,0.6381,-0.5355,-0.0493,1,4.4195,0.4525,7.1721
12.6,0.7000,-0.5383,0.0038,1,4.6081,0.4530,7.2311
12.7,0.6005,-0.5473,-0.1825,1,4.4259,0.4541,7.1029
12.8,0.7951,-0.2347,0.0803,1,4.3980,0.4405,7.4347
12.9,0.9036,-0.1285,0.4477,2,4.4473,0.4299,7.8496
13.0,1.0842,-0.1299,0.2725,2,4.7584,0.4319,7.6055
13.1,1.0055,0.0165,0.1574,2,4.5969,0.4439,7.4588
13.2,0.9957,-0.1949,0.4605,2,4.7240,0.4214,7.8131
13.3,0.9012,-0.2490,0.0603,1,4.6556,0.4430,7.3835
13.4,0.8869,-0.2701,0.0642,1,4.6151,0.4369,7.4086
13.5,0.7651,-0.6057,0.2767,1,4.6724,0.4387,7.5240
13.6,0.6076,-0.5053,0.0778,1,4.3309,0.4469,7.2906
13.7,0.9593,-0.3484,0.3244,1,4.7909,0.4369,7.5796
13.8,0.9360,-0.0503,0.2401,2,4.6179,0.4391,7.6143
13.9,0.7542,-0.3495,0.1082,1,4.4438,0.4425,7.4727
14.0,0.7379,-0.4254,-0.0871,1,4.4391,0.4493,7.2613
14.1,0.7169,-0.2970,-0.2077,1,4.4258,0.4547,7.1362
14.2,0.7811,-0.2363,-0.2243,1,4.4448,0.4520,7.2288
14.3,0.6388,-0.4822,-0.0946,1,4.4375,0.4476,7.2417
14.4,0.4686,-0.5286,-0.1192,1,4.3181,0.4543,7.1025
14.5,0.6157,-0.3414,-0.2142,1,4.4980,0.4535,7.1490
14.6,0.3958,-0.4671,-0.1643,1,4.2490,0.4551,7.2338
14.7,0.4673,-0.6990,-0.0024,1,4.5909,0.4479,7.2319
14.8,0.4536,-0.4741,-0.1113,1,4.2482,0.4627,7.0890
14.9,0.4908,-0.3989,0.2725,1,4.2608,0.4435,7.3903
15.0,0.7436,-0.4717,0.3898,1,4.6066,0.4425,7.5954
15.1,0.5581,-0.6067,-0.0175,1,4.5025,0.4502,7.1633
15.2,0.5666,-0.5134,0.1494,1,4.2498,0.4510,7.3417
15.3,0.3848,-0.6303,0.3309,1,4.3327,0.4475,7.4536
15.4,0.7938,-0.0725,0.1620,2,4.2646,0.4500,7.4172
15.5,0.4798,-0.2232,0.2169,1,4.0284,0.4429,7.4196
15.6,0.8238,-0.3182,0.2146,1,4.4344,0.4440,7.4132
15.7,0.5439,-0.2776,0.0486,1,4.3916,0.4580,7.2473
15.8,0.6147,-0.5599,0.3102,1,4.4411,0.4470,7.3953
15.9,0.4083,-0.4454,0.5132,1,4.3253,0.4449,7.4782
16.0,0.6116,-0.2308,0.2513,1,4.2308,0.4505,7.2357
16.1,0.4148,-0.1467,-0.3564,1,3.9563,0.4744,6.8927
16.2,0.3308,-0.3241,-0.3035,1,3.9019,0.4748,6.9487
16.3,0.3831,-0.1975,-0.3664,1,3.8639,0.4741,6.9076
16.4,0.3737,-0.2182,-0.3516,1,3.8110,0.4751,6.9588
16.5,0.3056,-0.3358,-0.3299,1,3.7379,0.4703,7.0120
16.6,0.2952,-0.3292,-0.2729,1,3.8017,0.4736,6.9378
16.7,0.3293,-0.3079,-0.3529,1,3.6825,0.4894,6.8291
16.8,0.2634,-0.3662,-0.3996,1,3.6899,0.4747,7.0197
16.9,0.2928,-0.2275,-0.2778,1,3.4224,0.4936,6.7672
17.0,0.1528,-0.4526,-0.1213,1,3.5340,0.4897,6.8601
17.1,0.1060,-0.4541,-0.3136,1,3.3892,0.4950,6.7201
17.2,0.1618,-0.3540,-0.2972,1,3.4804,0.4921,6.8183
17.3,0.2924,-0.1545,-0.1012,1,3.1712,0.4816,7.0595
17.4,0.6250,0.1864,-0.1366,2,3.6403,0.4663,7.2085
17.5,0.5150,-0.1558,0.0359,1,3.6335,0.4550,7.3540
17.6,0.3373,-0.1397,0.0190,1,3.2930,0.4782,7.0696
17.7,0.3277,-0.2849,-0.0098,1,3.5097,0.4806,7.0440
17.8,0.4628,-0.0536,-0.1484,1,3.5304,0.4666,7.1547
17.9,0.3231,-0.2587,-0.3408,1,3.5518,0.4913,6.8387
18.0,0.1826,-0.4234,-0.4446,1,3.6456,0.4940,6.6917
18.1,-0.0747,-0.6349,-0.3159,1,3.7326,0.4802,6.8588
18.2,0.3522,-0.2448,0.0352,1,3.3959,0.4723,7.1052
18.3,0.4487,-0.1027,-0.0491,1,3.5569,0.4798,7.0638
18.4,0.3411,-0.2219,-0.2477,1,3.6151,0.4816,6.9715
18.5,0.2275,-0.2494,-0.0314,1,3.2233,0.4855,7.0643
18.6,0.1222,-0.1888,0.1676,1,3.1344,0.4739,7.2274
18.7,0.6346,0.2072,-0.0105,2,3.7720,0.4837,7.0064
18.8,0.7822,0.1478,0.1622,2,4.1305,0.4715,7.1016
18.9,0.6392,0.0600,-0.0608,2,3.9093,0.4746,7.0607
19.0,0.6118,0.1478,-0.0006,2,3.8854,0.4792,7.0354
19.1,0.8028,0.2125,0.0669,2,4.1519,0.4623,7.1609
19.2,0.9893,0.4191,0.1924,2,4.4577,0.4457,7.3626
19.3,0.9220,0.1639,0.0384,2,4.2887,0.4526,7.2401
19.4,0.7421,0.1406,0.1534,2,3.8251,0.4701,7.1679
19.5,0.6386,0.3656,0.0011,2,3.5415,0.4661,7.2040
19.6,0.9204,0.5041,-0.0317,2,4.1318,0.4480,7.3408
19.7,0.7324,0.5357,-0.1984,2,4.1790,0.4550,7.3681
19.8,0.8312,0.5315,0.0240,2,4.3863,0.4600,7.2606
19.9,0.6363,0.2018,-0.2684,2,4.3249,0.4496,7.3938
20.0,0.4677,-0.3981,0.0530,1,4.2808,0.4401,7.5396
20.1,0.4573,-0.1062,-0.1999,1,4.2693,0.4542,7.4255
20.2,0.7061,0.5050,-0.0821,2,4.4785,0.4572,7.3693
20.3,0.6767,0.4363,-0.1395,2,4.2661,0.4480,7.4706
20.4,0.3788,0.1993,-0.0855,3,3.7695,0.4645,7.2306
20.5,0.5978,0.1339,0.0043,2,3.8044,0.4544,7.3333
20.6,0.6487,0.2384,-0.0097,2,4.0146,0.4576,7.3360
20.7,0.5616,0.2153,0.0164,2,3.7843,0.4641,7.2092
20.8,0.5454,0.0484,-0.0564,2,3.6970,0.4579,7.2888
20.9,0.7010,0.2576,-0.0045,2,4.1799,0.4609,7.1951
21.0,0.8632,0.5624,-0.2202,2,4.5089,0.4557,7.3139
21.1,0.9625,0.6602,0.1074,2,4.6644,0.4590,7.1040
21.2,0.8775,0.2844,-0.2139,2,4.7073,0.4453,7.2956
21.3,1.1134,0.8309,-0.0368,2,4.9980,0.4466,7.0264
21.4,0.8781,0.4822,-0.0696,2,4.4357,0.4609,7.1829
21.5,0.9632,0.6234,0.0438,2,4.6672,0.4495,7.3434
21.6,0.8517,0.4173,0.1799,2,4.1797,0.4420,7.5640
21.7,0.7166,0.2662,-0.0486,2,4.2808,0.4559,7.1697
21.8,0.9705,0.5754,-0.2898,2,4.9391,0.4538,7.1768
21.9,0.9960,0.7185,0.1472,2,4.9382,0.4339,7.7689
22.0,0.9388,0.6391,-0.2013,2,4.5883,0.4456,7.3441
22.1,0.8435,0.6649,-0.2872,2,4.7144,0.4538,7.2165
22.2,0.7949,0.5187,-0.2299,2,4.2164,0.4665,7.0925
22.3,0.8092,0.4622,-0.1847,2,4.5312,0.4643,6.9315
22.4,0.6865,0.4976,-0.0224,2,4.1328,0.4578,7.2819
22.5,0.6852,0.5098,0.0720,2,4.1653,0.4581,7.3489
22.6,0.7712,0.3802,-0.0882,2,4.4973,0.4578,7.4064
22.7,0.6903,0.1805,-0.1980,2,4.2339,0.4681,7.0657
22.8,0.7017,0.2184,-0.1840,2,3.9890,0.4633,7.1371
22.9,1.0272,0.5637,0.3981,2,4.8515,0.4417,7.6758
23.0,1.1045,0.6322,0.2881,2,5.0935,0.4407,7.6257
23.1,1.0533,0.6298,0.0414,2,4.9482,0.4326,7.5822
23.2,0.9965,0.5477,-0.2672,2,4.7552,0.4395,7.3450
23.3,0.9637,0.6623,-0.3749,2,4.5922,0.4483,7.1766
23.4,0.6629,0.4192,-0.1916,2,4.1272,0.4618,7.2064
23.5,0.9262,0.5596,-0.3362,2,4.4938,0.4517,7.0770
23.6,0.7127,0.5398,0.0791,2,4.1173,0.4674,7.1199
23.7,0.8850,0.6523,0.0138,2,4.8113,0.4669,6.9394
23.8,0.8705,0.5537,-0.1874,2,4.7341,0.4645,6.9718
23.9,0.9174,0.6515,-0.2069,2,4.9225,0.4577,6.8831
24.0,0.7987,0.4010,-0.1895,2,4.3755,0.4569,7.1883
24.1,0.9601,0.5718,-0.2386,2,4.5876,0.4497,7.1841
24.2,1.0088,0.6512,0.1383,2,4.9382,0.4525,7.3102
24.3,0.7060,0.3280,-0.2148,2,4.3479,0.4683,7.0761
24.4,0.8280,0.7103,-0.0715,2,4.3040,0.4495,7.3587
24.5,0.8957,0.4770,-0.0317,2,4.3921,0.4562,7.2023
24.6,1.0484,0.8011,-0.0419,2,4.8986,0.4501,7.1503
24.7,0.9627,0.4609,-0.2122,2,4.7794,0.4425,7.3441
24.8,0.6830,0.4023,0.0816,2,4.2456,0.4618,7.1128
24.9,0.7346,0.4649,0.1212,2,4.2302,0.4565,7.1986
25.0,0.2970,0.8079,-0.0640,3,3.1254,0.4688,7.3193
25.1,0.2332,0.6913,0.0527,3,3.1448,0.4776,7.0960
25.2,0.2433,0.7396,-0.1555,3,3.1335,0.4824,7.0209
25.3,0.2961,0.8077,-0.0269,3,3.0770,0.4786,7.0920
25.4,0.0338,0.6043,-0.0181,3,2.5196,0.4911,7.1321
25.5,-0.0113,0.3619,-0.0311,3,2.5359,0.4940,7.0318
25.6,-0.0615,0.3124,0.0835,3,2.5570,0.4877,7.0894
25.7,0.0046,0.5400,0.1255,3,2.7465,0.4885,7.0304
25.8,-0.0429,0.5037,0.0074,3,2.7373,0.4807,7.0643
25.9,0.2526,0.4481,0.0059,3,2.4376,0.4835,7.1455
26.0,0.0562,0.5536,-0.1235,3,2.5117,0.4851,7.0132
26.1,0.2328,0.6200,-0.0970,3,2.7793,0.4902,6.9344
26.2,0.1367,0.5152,-0.1278,3,2.6475,0.4933,7.0116
26.3,-0.0683,0.2510,0.0242,3,2.0938,0.4940,6.9826
26.4,-0.2492,0.0858,0.0764,0,2.1298,0.5026,6.8768
26.5,-0.2853,0.0045,0.0118,0,2.2952,0.4896,6.9695
26.6,-0.2529,-0.1148,-0.0347,0,2.3157,0.5063,6.9074
26.7,-0.2440,0.0197,-0.0921,0,2.1656,0.5064,6.8635
26.8,-0.2618,-0.1321,0.1775,0,2.3970,0.5041,6.8222
26.9,-0.1179,0.0996,-0.1041,0,2.1664,0.5073,7.0101
27.0,-0.2815,0.0199,0.0179,0,2.2810,0.5077,6.8696
27.1,0.0544,0.2854,0.0241,3,2.0502,0.5083,6.9617
27.2,-0.1779,0.0848,0.0143,0,2.3773,0.4967,6.8862
27.3,-0.1679,0.0979,-0.0055,0,2.3608,0.4964,6.9734
27.4,-0.1639,0.1198,0.1711,0,2.0910,0.5113,6.8397
27.5,-0.1864,0.0346,0.1150,0,2.1829,0.4984,6.9722
27.6,-0.1825,0.0286,-0.0096,0,2.2980,0.5006,6.9172
27.7,-0.2852,0.0238,0.0661,0,2.2321,0.5176,6.7576
27.8,-0.2107,0.0875,0.0820,0,2.3345,0.5103,6.8363
27.9,-0.2336,0.0135,0.0296,0,2.5008,0.5084,6.8198
28.0,-0.2412,-0.0129,0.0480,0,2.4242,0.5040,6.8400
28.1,-0.1680,-0.0134,-0.1760,0,2.4297,0.5068,6.8336
28.2,-0.1944,0.0243,0.0670,0,2.4907,0.5108,6.7962
28.3,-0.1265,0.1419,-0.0818,3,2.4627,0.5048,6.8790
28.4,-0.2464,0.0157,-0.1341,0,2.4993,0.5161,6.6459
28.5,-0.1863,0.0587,0.0003,0,2.3426,0.5000,6.9081
28.6,-0.2411,-0.0135,-0.0586,0,2.4190,0.5052,6.8564
28.7,-0.2326,0.0175,-0.0195,0,2.2728,0.4996,6.9266
28.8,-0.1612,0.0686,0.0757,0,2.1295,0.5083,6.8494
28.9,-0.1791,-0.0363,0.0458,0,2.3356,0.5079,6.8517
29.0,-0.2142,-0.0055,-0.0579,0,2.3083,0.5004,6.9061
29.1,-0.2185,0.0958,-0.0761,0,2.3451,0.5069,6.8360
29.2,-0.2212,0.1056,0.1750,0,2.3234,0.5031,6.8953
29.3,-0.1195,0.0935,-0.0748,0,2.5045,0.5008,6.7899
29.4,-0.1779,0.0062,-0.1056,0,2.5761,0.5056,6.7985
29.5,-0.2208,-0.0090,-0.0579,0,2.3869,0.5068,6.8384
29.6,-0.2678,-0.0659,-0.0775,0,2.3410,0.5067,6.8001
29.7,-0.2303,-0.0604,-0.1383,0,2.4075,0.5119,6.7386
29.8,-0.1260,0.1154,0.0386,0,2.3482,0.4938,7.0438
29.9,-0.2850,-0.1359,-0.2055,0,2.7880,0.4909,6.8292
30.0,-0.2380,-0.0051,0.0044,0,2.3272,0.5079,6.7952
30.1,-0.2328,-0.0307,-0.0703,0,2.4449,0.5021,6.9413
30.2,-0.2026,0.0897,0.0886,0,2.3846,0.5051,6.8320
30.3,-0.3308,0.0335,0.0294,0,2.3108,0.5113,6.7628
30.4,-0.3160,0.0224,0.1394,0,2.2298,0.5042,6.9006
30.5,-0.2225,0.0929,0.1030,0,2.2349,0.5099,6.8490
30.6,-0.1836,0.1205,0.0787,0,2.3711,0.5041,6.8821
30.7,-0.1687,0.1543,-0.0466,3,2.4070,0.5018,6.8543
30.8,-0.2201,0.0491,0.1320,0,2.2726,0.5205,6.7448
30.9,-0.1835,0.1149,0.0666,0,2.3526,0.5063,6.8641
31.0,-0.1858,0.0867,0.0736,0,2.2226,0.5116,6.8511
31.1,-0.1190,0.0636,0.1638,0,2.2701,0.5018,6.9142
31.2,-0.1667,-0.0031,-0.0016,0,2.5312,0.4960,6.9202
31.3,-0.1685,0.1019,0.1246,0,2.3705,0.5043,6.8389
31.4,-0.1468,0.1414,0.0934,3,2.2452,0.5133,6.8146
31.5,-0.2639,-0.0996,0.1329,0,2.2720,0.5191,6.7359
31.6,-0.1261,0.0615,-0.0070,0,2.3183,0.5090,6.8620
31.7,-0.2123,0.0695,-0.0540,0,2.2182,0.5101,6.8689
31.8,-0.2170,0.0374,0.0281,0,2.1477,0.5076,6.8790
31.9,0.0503,0.1885,-0.2461,3,2.3301,0.4976,7.0186
32.0,0.2555,0.4267,-0.0207,3,2.7170,0.4903,6.9908
32.1,-0.0185,0.1720,-0.1864,3,2.2045,0.5062,6.8506
32.2,-0.1440,0.2295,0.1030,3,2.1339,0.5085,6.9332
32.3,-0.2568,-0.0633,-0.1133,0,2.5208,0.5165,6.7698
32.4,-0.1434,0.1063,0.0607,0,2.3473,0.5075,6.8334
32.5,-0.1849,0.0704,0.2566,0,2.3026,0.5046,6.8912
32.6,-0.1965,0.1531,0.1345,0,2.1891,0.5111,6.8252
32.7,-0.1886,0.0650,-0.0108,0,2.3449,0.5079,6.7992
32.8,-0.0118,0.1508,-0.1111,3,2.3323,0.5138,6.7956
32.9,0.0144,0.1183,-0.2143,3,2.3427,0.5115,6.8104
33.0,-0.1884,-0.0398,-0.1816,0,2.4292,0.5021,6.9952
33.1,-0.1463,0.0300,0.0743,0,2.1560,0.5101,6.9209
33.2,0.0480,0.2693,-0.1290,3,2.3450,0.5029,6.8265
33.3,0.2221,0.4627,-0.2115,3,2.7698,0.4977,6.7883
33.4,-0.1380,0.1623,-0.0142,3,2.0985,0.5062,6.8543
33.5,-0.4000,-0.2315,0.0378,0,2.5975,0.5137,6.6951
33.6,-0.2040,-0.0593,0.1463,0,2.3916,0.5020,6.8291
33.7,-0.3812,-0.3297,0.0533,0,2.7249,0.5095,6.6896
33.8,-0.4083,-0.2767,0.0356,0,2.8026,0.5014,6.7441
33.9,-0.2780,-0.0837,-0.1157,0,2.4638,0.5093,6.7186
34.0,-0.3570,-0.1802,-0.0205,0,2.3938,0.5068,6.7435
34.1,-0.3358,-0.3180,-0.1617,0,2.8838,0.5114,6.5221
34.2,-0.1757,-0.0323,-0.1096,0,2.3791,0.5015,6.8783
34.3,-0.3487,-0.1020,0.0156,0,2.1067,0.5181,6.7901
34.4,-0.1655,0.1292,-0.0292,0,2.0396,0.5006,6.9645
34.5,-0.1908,-0.0372,0.0124,0,2.2704,0.5133,6.8719
34.6,-0.2765,-0.1801,0.1344,0,2.4804,0.5142,6.6496
34.7,-0.2725,-0.0733,-0.1292,0,2.5159,0.5016,6.8439
34.8,-0.3504,-0.2010,-0.0891,0,2.5467,0.5112,6.7369
34.9,-0.1164,0.1775,-0.0159,3,2.1129,0.5068,7.0027
35.0,-0.0347,0.0891,0.0258,3,2.3831,0.4971,6.9069
35.1,-0.3047,-0.1413,0.0155,0,2.4725,0.5064,6.7358
35.2,-0.1314,0.1058,0.0595,0,2.1622,0.5020,6.8682
35.3,-0.0950,0.1635,0.1736,3,2.2028,0.5114,6.8244
35.4,-0.1339,0.1334,0.0436,3,2.1700,0.5077,6.9070
35.5,-0.1804,0.1483,0.1381,0,2.1285,0.5074,6.8384
35.6,-0.1799,0.1255,-0.0406,0,2.1876,0.5113,6.7483
35.7,-0.1148,0.1322,0.0354,3,1.9410,0.4942,7.1098
35.8,-0.1365,0.1093,0.1159,0,2.0803,0.5065,6.9287
35.9,-0.0495,0.2108,0.0150,3,2.0727,0.5050,7.0080
36.0,-0.0816,0.1089,-0.1821,3,2.3952,0.5009,6.9966
36.1,0.3206,0.5198,0.0494,3,2.3773,0.4894,7.1212
36.2,0.0279,0.2366,-0.0702,3,2.0361,0.4963,7.1015
36.3,0.0482,0.2213,-0.2474,3,2.5027,0.5047,6.8359
36.4,0.0008,0.2006,-0.2445,3,2.3011,0.4926,7.0219
36.5,0.0883,0.3261,-0.2081,3,2.2753,0.4954,7.0515
36.6,0.0362,0.1822,-0.2868,3,2.3167,0.5106,6.7835
36.7,-0.0568,0.1940,-0.2210,3,2.3629,0.4982,7.0032
36.8,0.0179,0.2945,-0.3314,3,2.4508,0.5040,6.8669
36.9,-0.1942,0.1356,-0.1165,0,2.1142,0.5130,6.8772
37.0,-0.0369,0.2349,0.0569,3,2.0554,0.5016,7.0025
37.1,-0.1225,0.0583,-0.0908,0,2.4936,0.5120,6.9441
37.2,0.0797,0.3765,-0.0220,3,2.4578,0.5018,7.0516
37.3,-0.0129,0.1553,-0.2986,3,2.5420,0.5015,6.9136
37.4,-0.0074,0.2098,-0.2189,3,2.4226,0.5047,6.9592
37.5,0.0105,0.2632,-0.0781,3,2.3614,0.4897,7.2212
37.6,-0.1379,-0.0581,-0.2230,0,2.6009,0.4988,7.0989
37.7,-0.1454,0.0200,-0.0421,0,2.4395,0.5056,6.8440
37.8,-0.1334,0.0769,-0.0693,0,2.2968,0.5086,6.8695
37.9,-0.2163,-0.0332,-0.0224,0,2.4378,0.4947,6.9132
38.0,-0.2676,0.0274,-0.0009,0,2.4971,0.5033,6.8313
38.1,-0.0991,-0.0011,0.1557,0,2.3151,0.5038,6.9084
38.2,-0.2682,-0.0394,0.1440,0,2.5874,0.5008,6.7769
38.3,-0.2166,0.1951,0.1632,3,2.1768,0.5069,6.8735
38.4,-0.2213,-0.1203,0.1762,0,2.4082,0.5053,6.7515
38.5,-0.1477,0.0459,0.1111,0,2.3693,0.5046,6.8851
38.6,-0.1130,0.1136,-0.0165,3,2.2710,0.5046,6.8986
38.7,-0.1528,0.1160,-0.0118,0,2.2794,0.5058,6.8822
38.8,-0.2514,-0.0916,0.1076,0,2.4783,0.5036,6.7537
38.9,-0.1841,0.0149,0.0340,0,2.3919,0.4964,6.9680
39.0,-0.2412,-0.1659,-0.0526,0,2.6093,0.4920,6.8973
39.1,-0.0195,0.1113,0.1293,3,2.4713,0.4951,6.9054
39.2,-0.1435,0.1675,0.1321,3,2.1342,0.5027,6.9526
39.3,-0.2434,0.0474,0.2261,0,2.3027,0.5010,6.9027
39.4,-0.2473,-0.2689,-0.1463,0,2.6993,0.5009,6.7885
39.5,-0.1508,0.0107,-0.1321,0,2.3659,0.5145,6.7551
39.6,-0.1651,0.1048,0.0716,0,2.2410,0.5005,6.9079
39.7,-0.2229,-0.0285,-0.0468,0,2.5037,0.5055,6.8647
39.8,-0.2379,-0.1237,0.1828,0,2.3070,0.4995,6.9327
39.9,-0.1860,-0.0481,0.0118,0,2.4326,0.5012,6.9363
40.0,-0.2619,-0.0353,0.1339,0,2.3235,0.5097,6.7941
40.1,-0.2361,-0.0894,0.0035,0,2.4763,0.5053,6.8395
40.2,-0.1926,0.0110,-0.0925,0,2.6774,0.4944,6.9007
40.3,-0.1424,0.0599,0.0378,0,2.2969,0.4980,6.8799
40.4,-0.2605,-0.1548,-0.0100,0,2.6405,0.4969,6.8774
40.5,-0.1694,0.0955,-0.0133,0,2.4141,0.4997,6.8755
40.6,-0.2186,0.0003,-0.0030,0,2.5131,0.5030,6.8393
40.7,-0.1772,-0.0254,0.2224,0,2.3579,0.4986,6.9883
40.8,-0.2810,-0.0412,0.0731,0,2.4623,0.5077,6.7799
40.9,-0.1857,-0.0081,-0.0737,0,2.5800,0.5079,6.7868
41.0,-0.2475,-0.0525,0.0167,0,2.3474,0.5001,6.9577
41.1,-0.2366,-0.0134,0.2200,0,2.3406,0.5002,6.9523
41.2,-0.0014,0.2470,-0.0704,3,2.2928,0.5012,6.9822
41.3,-0.0735,0.2731,-0.0395,3,2.3789,0.5016,6.9569
41.4,0.0639,0.3488,-0.2063,3,2.5084,0.5017,6.9629
41.5,-0.1461,-0.0401,-0.1194,0,2.4076,0.4942,7.0025
41.6,-0.2437,-0.0743,-0.0491,0,2.3512,0.4997,6.9396
41.7,-0.1164,0.0305,-0.2090,0,2.2302,0.5040,6.9446
41.8,-0.1225,0.0546,-0.2094,0,2.4253,0.4927,7.0589
41.9,-0.0118,0.1291,-0.2998,3,2.4369,0.4971,7.0459
42.0,-0.1165,0.0704,-0.0861,0,2.2071,0.4958,7.0081
42.1,-0.0987,0.1976,-0.1188,3,2.2853,0.4963,7.0422
42.2,-0.0231,0.2358,0.0126,3,2.1558,0.4974,7.0661
42.3,0.0262,0.2347,-0.0682,3,2.4076,0.5081,6.9747
42.4,-0.1962,0.1432,0.2143,0,2.2849,0.5121,6.7842
42.5,-0.2184,-0.0787,0.0814,0,2.4682,0.5096,6.7676
42.6,-0.2343,-0.0567,-0.1549,0,2.6150,0.5083,6.6983
42.7,-0.1359,0.1402,0.2241,3,2.1867,0.5034,6.9042
42.8,-0.2109,0.0027,0.0206,0,2.3917,0.5045,6.8141
42.9,-0.2894,-0.1113,-0.0631,0,2.3784,0.5082,6.7873
43.0,-0.1700,0.0462,-0.0450,0,2.1652,0.5057,6.9035
43.1,-0.2975,-0.0701,0.1552,0,2.3021,0.5134,6.7885
43.2,-0.1946,0.0445,0.1495,0,2.2063,0.5142,6.8129
43.3,-0.1727,0.0521,0.1801,0,2.2741,0.5083,6.8536
43.4,-0.2803,-0.1221,0.0914,0,2.4900,0.5015,6.8352
43.5,-0.2303,0.0102,0.0399,0,2.2261,0.5082,6.8840
43.6,-0.2434,0.0513,-0.0236,0,2.4334,0.5011,6.9156
43.7,-0.2647,-0.1527,0.2373,0,2.3742,0.5005,6.8651
43.8,-0.2158,-0.0674,0.1459,0,2.2545,0.4982,6.9454
43.9,-0.1679,-0.0800,-0.1295,0,2.5208,0.5038,6.8109
44.0,-0.2549,-0.1410,-0.0959,0,2.4932,0.5088,6.7462
44.1,-0.1479,-0.0073,-0.0583,0,2.3542,0.4991,6.9577
44.2,-0.1890,-0.0232,0.2209,0,2.2005,0.5151,6.7825
44.3,-0.1942,-0.0568,0.0688,0,2.3786,0.5081,6.8650
44.4,-0.2332,-0.0766,-0.0121,0,2.6646,0.5027,6.8135
44.5,-0.2857,-0.0642,0.1059,0,2.3563,0.5058,6.7875
44.6,-0.2683,-0.0839,0.0644,0,2.4275,0.5014,6.8428
44.7,-0.2262,0.0195,-0.0109,0,2.3153,0.5036,6.8631
44.8,-0.1601,-0.0901,-0.3170,0,3.0096,0.4943,6.8339
44.9,-0.2259,-0.1544,-0.3535,0,2.9146,0.5027,6.7719
45.0,-0.1779,-0.0727,-0.2343,0,2.8182,0.5034,6.7066
45.1,-0.1714,-0.0166,0.0057,0,2.3817,0.4946,6.9071
45.2,-0.1644,0.0608,0.1697,0,2.0900,0.5019,6.9411
45.3,-0.2508,-0.0892,-0.0414,0,2.4647,0.5048,6.8316
45.4,-0.1936,0.0293,0.1675,0,2.3107,0.4980,6.9088
45.5,-0.1602,0.0176,0.0393,0,2.2098,0.5049,6.8345
45.6,-0.1552,0.0879,-0.0904,0,2.3592,0.4992,6.9306
45.7,-0.1815,0.0111,0.1861,0,2.0945,0.4986,6.9561
45.8,-0.1851,-0.0402,-0.1657,0,2.4443,0.5009,6.8904
45.9,-0.2697,-0.0056,0.1410,0,2.0867,0.5097,6.8299
46.0,-0.1910,-0.0244,0.0515,0,2.2454,0.5106,6.8443
46.1,-0.1838,0.0409,0.1074,0,2.1718,0.5074,6.8153
46.2,-0.0671,0.0935,0.1086,3,2.1100,0.5078,6.8837
46.3,-0.2796,-0.0744,0.0190,0,2.1929,0.5096,6.8311
46.4,-0.1909,0.0288,-0.1083,0,2.4716,0.5039,6.9146
46.5,-0.3545,-0.2242,-0.0575,0,2.4735,0.5105,6.7187
46.6,-0.2380,0.0258,0.0320,0,2.2852,0.5066,6.8151
46.7,-0.1477,0.0125,0.0699,0,2.2336,0.5150,6.7847
46.8,-0.1575,-0.0428,-0.0853,0,2.4810,0.5056,6.8737
46.9,-0.2243,0.0912,-0.0211,0,2.2097,0.5140,6.8710
47.0,-0.2715,-0.0525,0.0166,0,2.3337,0.5052,6.8161
47.1,-0.1302,0.1774,-0.0462,3,2.3162,0.5126,6.8278
47.2,-0.2420,-0.1337,-0.2092,0,2.6919,0.5065,6.7579
47.3,-0.1973,0.0058,0.0428,0,2.3348,0.5137,6.7763
47.4,-0.2221,0.0476,0.2518,0,2.4667,0.5079,6.8109
47.5,-0.2739,-0.0892,0.0775,0,2.4622,0.5108,6.6771
47.6,-0.2362,-0.0061,0.1328,0,2.3106,0.5035,6.8384
47.7,-0.1811,0.0097,0.1130,0,2.3531,0.5082,6.8624
47.8,-0.1949,0.0731,0.1806,0,2.4612,0.4999,6.8655
47.9,-0.2237,-0.0586,-0.0194,0,2.3256,0.5080,6.8048
48.0,-0.2194,-0.1417,0.1114,0,2.4305,0.5075,6.8542
48.1,-0.2540,-0.1348,0.1047,0,2.5163,0.5007,6.9350
48.2,-0.2391,-0.2080,0.2182,0,2.4771,0.4972,6.8807
48.3,-0.2373,-0.0903,0.2990,0,2.5082,0.5075,6.7668
48.4,-0.1271,0.1196,0.1548,3,2.4318,0.4941,6.9624
48.5,-0.1161,0.0273,0.1059,0,2.2856,0.5065,6.8352
48.6,-0.1967,0.0363,0.1289,0,2.3686,0.5072,6.7542
48.7,-0.2754,-0.1129,0.0265,0,2.5024,0.5029,6.8083
48.8,-0.2346,0.0089,0.1979,0,2.3667,0.5091,6.8650
48.9,-0.1873,-0.0083,-0.0619,0,2.4218,0.5046,6.7523
49.0,-0.2026,-0.0072,0.0303,0,2.3356,0.5112,6.7689
49.1,-0.1350,0.0424,0.1593,0,2.3073,0.5038,6.8660
49.2,-0.2045,-0.1281,-0.1130,0,2.5018,0.4995,6.8236
49.3,-0.2366,0.0351,0.0453,0,2.2996,0.5057,6.8334
49.4,-0.2645,-0.0036,0.0770,0,2.2810,0.5088,6.7731
49.5,-0.2257,-0.0407,0.1457,0,2.2874,0.4994,6.8930
49.6,-0.2686,0.0181,0.0359,0,2.2335,0.5195,6.6941
49.7,-0.2048,-0.1087,0.0534,0,2.4070,0.4972,6.8982
49.8,-0.1292,0.0779,-0.0120,0,2.3681,0.5052,6.9043
49.9,-0.2200,0.0576,0.1484,0,2.1528,0.5142,6.8989
50.0,-0.1762,-0.0440,-0.0853,0,2.3773,0.5029,6.8155
50.1,-0.3445,-0.0663,0.0171,0,2.4438,0.5039,6.8290
50.2,-0.1157,0.2041,0.1443,3,2.0198,0.5065,6.8801
50.3,-0.2611,-0.1649,-0.0934,0,2.4243,0.5001,6.8311
50.4,-0.1573,-0.1022,0.0675,0,2.3840,0.5043,6.8462
50.5,-0.2298,-0.0353,-0.0484,0,2.5705,0.5028,6.7910
50.6,-0.2439,0.0300,0.1074,0,2.3156,0.5115,6.7556
50.7,-0.2708,-0.0774,0.0525,0,2.5101,0.4967,6.8818
50.8,-0.1990,0.0191,0.0333,0,2.3109,0.5138,6.8090
50.9,-0.2746,-0.0913,-0.0491,0,2.3967,0.5057,6.8170
51.0,-0.1578,-0.0571,0.1303,0,2.2491,0.5013,6.9131
51.1,-0.1325,0.0715,0.1823,0,2.2792,0.5106,6.7721
51.2,-0.3075,-0.2169,-0.0381,0,2.6339,0.5047,6.7279
51.3,-0.2541,-0.0866,0.0510,0,2.4017,0.5148,6.8092
51.4,-0.1963,-0.1552,0.0377,0,2.5123,0.5026,6.9095
51.5,-0.1892,-0.0782,0.0643,0,2.4872,0.4980,6.8542
51.6,-0.2498,-0.0899,-0.0247,0,2.4185,0.5038,6.8623
51.7,-0.3070,-0.1670,0.0633,0,2.4957,0.4997,6.8762
51.8,-0.2232,-0.0745,0.0734,0,2.3945,0.5080,6.8026
51.9,-0.2124,0.0411,-0.0186,0,2.2192,0.4924,7.0089
52.0,-0.1426,0.1125,0.1659,0,2.2897,0.5027,6.8865
52.1,-0.1466,0.0539,0.0149,0,2.2340,0.5105,6.8199
52.2,-0.1908,0.0682,-0.0168,0,2.2893,0.5067,6.8220
52.3,-0.1461,0.0254,0.0689,0,2.2040,0.5089,6.8802
52.4,-0.1380,0.1417,-0.0643,3,2.2881,0.4997,6.9352
52.5,-0.2321,0.1165,0.1056,0,2.1624,0.5086,6.8503
52.6,-0.2156,-0.0437,-0.1231,0,2.4554,0.5051,6.8463
52.7,-0.1733,-0.0034,0.0455,0,2.2566,0.5097,6.8552
52.8,-0.2999,-0.0807,-0.0381,0,2.4949,0.5036,6.7483
52.9,-0.2615,-0.0349,0.0739,0,2.1811,0.5046,6.9225
53.0,-0.2591,-0.0983,0.1106,0,2.2517,0.5040,6.8761
53.1,-0.2257,0.1475,0.2800,0,2.1300,0.5145,6.7691
53.2,-0.2102,0.0248,0.1724,0,2.1509,0.5105,6.8513
53.3,-0.3027,-0.0802,0.1640,0,2.3917,0.4997,6.9003
53.4,-0.2848,-0.0503,-0.1393,0,2.5992,0.5058,6.7559
53.5,-0.3274,-0.1081,0.2255,0,2.3682,0.5082,6.7933
53.6,-0.1908,0.0162,0.0697,0,2.4711,0.5142,6.8115
53.7,-0.1747,-0.0067,-0.0503,0,2.5439,0.5041,6.8125
53.8,-0.1061,0.1667,-0.1164,3,2.5819,0.4970,6.9172
53.9,-0.2670,-0.1564,0.0237,0,2.4393,0.5125,6.7297
54.0,-0.2044,-0.0317,-0.1394,0,2.6351,0.5129,6.6718
54.1,-0.2908,-0.0977,0.0547,0,2.5758,0.5071,6.8251
54.2,-0.1937,-0.0216,0.0232,0,2.4168,0.5068,6.8002
54.3,-0.1876,-0.0651,0.1117,0,2.3778,0.5173,6.7988
54.4,-0.2371,-0.0443,-0.1146,0,2.6592,0.5039,6.7972
54.5,-0.2048,0.0281,0.1803,0,2.1770,0.5123,6.8093
54.6,-0.1764,0.0878,-0.1633,0,2.3133,0.5058,6.7671
54.7,-0.1514,0.0795,0.0164,0,2.2541,0.5045,6.8699
54.8,-0.2840,-0.1766,0.1461,0,2.5261,0.5008,6.8843
54.9,-0.1870,0.0493,0.0544,0,2.3051,0.5074,6.8536
55.0,-0.2756,-0.0459,-0.1499,0,2.6103,0.4913,7.0112
55.1,-0.2510,-0.1173,0.0177,0,2.5204,0.4984,6.8489
55.2,-0.1261,0.0960,-0.0539,0,2.2461,0.5025,6.9041
55.3,-0.2075,0.0188,-0.1100,0,2.5384,0.5010,6.8255
55.4,-0.3097,-0.0832,-0.0705,0,2.5017,0.4974,6.8037
55.5,-0.1791,0.0820,0.0907,0,2.1433,0.5099,6.7934
55.6,-0.2258,0.0521,-0.1553,0,2.6082,0.5008,6.8342
55.7,-0.2259,-0.1031,-0.0938,0,2.4422,0.5023,6.7618
55.8,-0.2501,0.0517,0.0815,0,2.2007,0.5006,6.8971
55.9,-0.2313,-0.1070,0.0356,0,2.3310,0.5048,6.7844
56.0,-0.2828,-0.1619,-0.1656,0,2.5282,0.4997,6.8218
56.1,-0.2187,0.0752,0.1107,0,2.1662,0.5124,6.8069
56.2,-0.1605,0.1573,0.0820,3,2.1708,0.5010,6.9372
56.3,-0.2810,0.0287,-0.0129,0,2.4286,0.5081,6.8085
56.4,-0.2895,-0.1314,0.0841,0,2.4265,0.5187,6.6866
56.5,-0.2205,-0.0710,0.1281,0,2.2796,0.5098,6.7846
56.6,-0.2051,-0.1110,-0.0296,0,2.5155,0.5045,6.8741
56.7,-0.1883,-0.0473,-0.0606,0,2.4651,0.5074,6.8306
56.8,-0.2964,-0.2057,-0.0230,0,2.6047,0.5055,6.7620
56.9,-0.0918,0.1342,-0.0498,3,2.5179,0.4990,6.9380
57.0,-0.2044,0.0147,-0.0066,0,2.3215,0.5167,6.6698
57.1,-0.1777,0.0707,-0.0412,0,2.2205,0.5177,6.7578
57.2,-0.1892,-0.0411,0.0554,0,2.3575,0.5073,6.8917
57.3,-0.1650,0.0272,-0.0487,0,2.2861,0.5144,6.8565
57.4,-0.2373,-0.0962,-0.1198,0,2.6149,0.5025,6.8329
57.5,-0.1843,0.0809,0.1585,0,2.1033,0.5204,6.8474
57.6,-0.2157,-0.0613,0.0852,0,2.3842,0.5168,6.6643
57.7,-0.2109,-0.0494,-0.0062,0,2.2676,0.5181,6.7193
57.8,-0.1323,0.0470,0.0288,0,2.2150,0.5000,7.0628
57.9,-0.2376,-0.0723,0.1557,0,2.4394,0.5074,6.7680
58.0,-0.2072,-0.1358,-0.1339,0,2.5009,0.5126,6.7957
58.1,-0.0632,0.0964,-0.1937,3,2.3869,0.5021,6.9019
58.2,-0.2030,-0.0208,0.0361,0,2.1788,0.5167,6.7781
58.3,-0.1806,-0.0159,-0.0476,0,2.4583,0.5102,6.8902
58.4,-0.2675,-0.1366,-0.0610,0,2.6007,0.5064,6.7392
58.5,-0.2154,-0.0054,-0.0047,0,2.4350,0.5113,6.8205
58.6,-0.2541,-0.0325,-0.0282,0,2.3344,0.5076,6.8585
58.7,-0.2362,-0.0102,0.1828,0,2.4075,0.5126,6.7933
58.8,-0.2336,-0.0739,0.0760,0,2.2508,0.5094,6.7874
58.9,-0.3319,-0.2476,0.0283,0,2.4922,0.5071,6.8194
59.0,-0.2720,-0.0540,-0.0038,0,2.3154,0.5049,6.9402
59.1,-0.3531,-0.2267,0.0332,0,2.5675,0.4973,6.9484
59.2,-0.1417,0.0964,0.0785,0,2.0995,0.5046,6.9104
59.3,-0.0989,0.0997,-0.1038,3,2.3109,0.5059,6.9759
59.4,0.0326,0.3832,-0.0045,3,2.0746,0.4953,7.0883
59.5,-0.0230,0.1814,-0.0332,3,2.0959,0.5015,6.9855
59.6,-0.1718,0.0085,-0.1997,0,2.2488,0.5134,6.7531
59.7,-0.1144,0.1554,-0.1623,3,2.4178,0.5058,6.8536
59.8,-0.2454,-0.0387,-0.0187,0,2.1060,0.5179,6.7943
59.9,-0.2147,-0.0190,-0.2052,0,2.3191,0.5148,6.7824
60.0,-0.0621,0.3463,-0.0102,3,2.1701,0.5040,6.9204
60.1,-0.2633,0.0952,0.0703,0,2.0597,0.5143,6.8384
60.2,-0.1627,0.0596,0.0445,0,2.4657,0.5015,6.9108
60.3,-0.2861,-0.1330,-0.1039,0,2.5017,0.5117,6.7324
60.4,-0.3223,-0.1136,-0.1208,0,2.4435,0.5111,6.7634
60.5,-0.1492,0.1617,0.0644,3,2.0915,0.5059,6.8569
60.6,-0.1089,0.2461,0.0285,3,1.8859,0.5031,6.9813
60.7,0.0013,0.1746,-0.1715,3,2.2350,0.4880,7.1586
60.8,0.0858,0.4359,-0.0251,3,2.1885,0.4947,7.0478
60.9,0.0064,0.2966,-0.0375,3,2.0957,0.5085,6.9440
61.0,-0.1055,0.0148,-0.1813,0,2.4649,0.5120,6.7464
61.1,-0.2940,-0.1819,0.0347,0,2.2114,0.5162,6.6922
61.2,-0.1487,0.1932,-0.0077,3,2.1341,0.5210,6.7756
61.3,-0.2457,-0.0112,-0.0594,0,2.2590,0.4926,7.1584
61.4,-0.1873,-0.0288,-0.1668,0,2.3185,0.4977,6.8087
61.5,-0.1157,-0.0003,-0.1855,0,2.4901,0.4916,6.9620
61.6,-0.1518,0.0903,-0.1029,0,2.1871,0.5151,6.8527
61.7,0.0245,0.2753,-0.1218,3,2.2420,0.4924,7.0642
61.8,-0.1068,0.0968,-0.1079,0,2.1078,0.5015,6.9146
61.9,-0.1027,0.1440,-0.2255,3,2.1434,0.5023,7.0669
62.0,-0.0973,0.1522,-0.0369,3,2.0480,0.5093,6.9609
62.1,-0.0342,0.3852,-0.0950,3,2.3194,0.4947,7.0761
62.2,0.1361,0.4448,-0.3699,3,2.9678,0.4880,7.1687
62.3,-0.2236,-0.0466,0.0099,0,2.1300,0.5048,6.8781
62.4,-0.1631,0.1439,0.0221,3,1.8658,0.5101,6.8129
62.5,-0.1896,0.0931,0.0744,0,2.2080,0.5100,6.7431
62.6,-0.0643,0.2615,0.0666,3,2.0449,0.5139,6.9358
62.7,-0.2018,0.0595,0.0319,0,2.2371,0.5098,6.8025
62.8,-0.1871,0.0695,-0.0783,0,2.3659,0.4975,6.9315
62.9,-0.1129,0.1658,0.0220,3,2.0020,0.4995,7.0792
63.0,-0.1267,-0.0589,-0.0576,0,2.2190,0.5030,6.9150
63.1,-0.0955,0.1469,-0.2067,3,2.5340,0.4852,7.1622
63.2,-0.2528,-0.0994,-0.0471,0,2.4726,0.5122,6.7930
63.3,-0.2299,-0.1529,-0.0974,0,2.6021,0.5102,6.7807
63.4,-0.2355,-0.1399,-0.0491,0,2.4338,0.5118,6.7602
63.5,-0.2514,-0.0596,-0.0940,0,2.4154,0.5095,6.9301
63.6,-0.0237,0.1812,-0.0890,3,2.1236,0.5097,6.9213
63.7,0.1307,0.3490,-0.0589,3,2.1898,0.5000,7.0177
63.8,0.0391,0.3745,0.0429,3,2.1704,0.4990,6.9833
63.9,-0.1933,-0.1004,-0.0953,0,2.4281,0.4960,6.8712
64.0,-0.1422,0.0790,-0.1210,0,2.1615,0.5135,6.8389
64.1,-0.0158,0.1796,0.0599,3,2.1488,0.4913,7.1052
64.2,-0.0786,0.1165,-0.1657,3,2.2453,0.4976,7.0418
64.3,-0.1958,0.0111,-0.0521,0,2.0569,0.4982,6.9543
64.4,-0.0667,0.1886,-0.0679,3,2.0079,0.5055,7.0234
64.5,0.1045,0.4785,-0.1819,3,2.2005,0.4956,7.0601
64.6,-0.1873,0.0185,0.0850,0,1.9063,0.5068,6.8986
64.7,-0.1989,-0.1335,-0.1694,0,2.2478,0.4974,6.9833
64.8,-0.1917,-0.0884,-0.1940,0,2.1640,0.5002,6.9573
64.9,-0.2537,-0.1329,-0.1100,0,2.4836,0.5032,6.7098
65.0,-0.2067,-0.0227,-0.1210,0,1.8926,0.4986,6.9897
65.1,-0.1889,-0.0688,-0.0817,0,2.2722,0.5081,6.7545
65.2,-0.2181,0.0270,0.0032,0,1.8963,0.5058,6.9345
65.3,-0.1597,0.0059,-0.1577,0,2.2198,0.5074,6.8680
65.4,-0.2102,0.0114,0.0336,0,1.9329,0.5104,6.8113
65.5,-0.1881,0.0648,0.0313,0,2.0919,0.5016,6.8554
65.6,-0.0947,0.0627,-0.2379,0,2.5252,0.5032,6.9162
65.7,-0.1871,0.0652,-0.0177,0,2.0220,0.5131,6.9107
65.8,-0.1656,0.0503,-0.0638,0,2.1361,0.5074,6.8956
65.9,-0.2929,-0.0802,-0.0973,0,2.3934,0.5087,6.7391
66.0,-0.3467,-0.1466,0.1491,0,2.4053,0.5018,6.8843
66.1,-0.2914,-0.0306,0.0662,0,2.3413,0.5114,6.7744
66.2,-0.1980,-0.0363,-0.0916,0,2.4195,0.4999,6.8537
66.3,-0.2566,0.0070,0.0539,0,2.3878,0.5130,6.6958
66.4,-0.1940,0.0287,0.0005,0,2.1020,0.5153,6.7954
66.5,-0.2432,-0.1973,0.1991,0,2.3932,0.5043,6.8174
66.6,-0.1800,0.1095,0.0404,0,2.1717,0.5119,6.8978
66.7,-0.1715,0.0619,-0.1243,0,2.3346,0.5155,6.7661
66.8,-0.2742,0.0392,0.0927,0,2.2247,0.5041,6.8587
66.9,-0.1268,0.0048,-0.0797,0,2.2773,0.4985,6.9791
67.0,-0.2839,-0.0941,0.0042,0,2.3690,0.5062,6.8358
67.1,-0.2931,-0.1432,0.0111,0,2.5093,0.5081,6.7389
67.2,-0.1976,0.0045,0.1585,0,2.3866,0.5094,6.8221
67.3,-0.1983,0.0166,-0.0015,0,2.3931,0.5096,6.7949
67.4,-0.2540,-0.1091,0.0688,0,2.4786,0.4980,6.8740
67.5,-0.1801,0.0828,0.0968,0,2.1001,0.5113,6.8663
67.6,-0.1260,0.0881,-0.0128,0,2.1367,0.5160,6.8086
67.7,-0.2164,-0.0052,0.0886,0,2.4584,0.5003,6.7955
67.8,-0.1816,-0.0680,-0.0325,0,2.3605,0.5025,6.8794
67.9,-0.2194,0.0023,0.0760,0,2.3274,0.5056,6.8787
68.0,-0.1617,0.1275,-0.0431,0,2.2938,0.5115,6.7869
68.1,-0.2038,0.0663,0.0047,0,2.2631,0.5191,6.7841
68.2,-0.0593,0.1188,-0.0390,3,2.1941,0.4987,6.9470
68.3,-0.2678,-0.0442,-0.0341,0,2.5492,0.5159,6.7992
68.4,-0.1663,0.0217,0.2124,0,2.2821,0.5049,6.9140
68.5,-0.2561,-0.0294,0.1055,0,2.2830,0.5140,6.7606
68.6,-0.1995,0.0296,0.0266,0,2.2338,0.5120,6.7954
68.7,-0.2346,-0.0249,0.1549,0,2.4574,0.4989,6.7621
68.8,-0.2703,-0.0688,0.1113,0,2.3850,0.5064,6.7892
68.9,-0.1634,0.1058,0.1430,0,2.2997,0.5064,6.7926
69.0,-0.2058,-0.0048,0.1497,0,2.2593,0.5100,6.8069
69.1,-0.2431,0.1158,0.0372,0,2.1338,0.5144,6.8181
69.2,-0.1814,0.0749,0.0967,0,2.2134,0.5103,6.7574
69.3,-0.1965,-0.0543,0.0242,0,2.3504,0.5076,6.8338
69.4,-0.2412,-0.0496,0.1820,0,2.2750,0.5060,6.8385
69.5,-0.2242,-0.0806,0.0589,0,2.3004,0.5142,6.7105
69.6,-0.2600,-0.1460,-0.0692,0,2.4330,0.5115,6.6711
69.7,-0.1183,0.1491,-0.0702,3,2.1221,0.5059,6.9442
69.8,-0.2009,0.0327,0.1316,0,2.2513,0.5040,6.8466
69.9,-0.2215,-0.0583,-0.0446,0,2.4024,0.5062,6.8467
70.0,-0.1752,0.0467,-0.0088,0,2.3647,0.5052,6.9343
70.1,-0.2145,-0.0341,-0.0887,0,2.5522,0.5137,6.7363
70.2,-0.2404,0.0615,0.0859,0,2.3815,0.5062,6.8172
70.3,-0.2168,0.0444,0.1280,0,2.2142,0.5070,6.8495
70.4,-0.1996,-0.0713,-0.1695,0,2.7326,0.4988,6.8983
70.5,-0.2247,-0.0195,-0.0530,0,2.5611,0.5012,6.8290
70.6,-0.2676,-0.0328,0.0033,0,2.3930,0.5063,6.7988
70.7,-0.1604,0.0572,-0.1386,0,2.3585,0.5055,6.9040
70.8,-0.3263,-0.0322,0.0684,0,2.3873,0.5028,6.8260
70.9,-0.2459,0.0100,0.0719,0,2.2280,0.5131,6.8515
71.0,-0.2055,-0.1205,-0.0158,0,2.4805,0.5103,6.7969
71.1,-0.2582,-0.1891,-0.0177,0,2.6031,0.5071,6.7764
71.2,-0.2369,-0.0711,-0.0347,0,2.4151,0.5043,6.7147
71.3,-0.1023,0.0780,0.0615,0,2.2229,0.5107,6.8119
71.4,-0.2249,-0.0856,-0.1017,0,2.3154,0.5062,6.8794
71.5,-0.2671,-0.0539,0.1078,0,2.2712,0.5096,6.8748
71.6,-0.2371,-0.0822,-0.0145,0,2.4822,0.5070,6.8329
71.7,-0.3154,-0.1958,-0.0329,0,2.6389,0.5055,6.7138
71.8,-0.0644,-0.0014,0.1547,0,2.2855,0.4968,6.9939
71.9,-0.1461,0.1269,0.2452,0,2.2041,0.4960,6.9576
72.0,-0.2675,0.0324,0.0273,0,2.2218,0.5062,6.8579
72.1,-0.3305,-0.1608,0.0493,0,2.5256,0.5191,6.6318
72.2,-0.2439,0.1176,0.0376,0,2.1762,0.5096,6.8518
72.3,-0.1251,0.1223,0.0269,3,2.0438,0.4998,7.0065
72.4,0.0824,0.4808,-0.0843,3,2.2960,0.4971,7.1827
72.5,0.0735,0.3531,-0.0803,3,2.4113,0.4937,7.1822
72.6,-0.0832,0.1344,-0.1544,3,2.2449,0.5022,6.9175
72.7,-0.1146,0.0643,0.0086,0,2.3014,0.5092,6.8234
72.8,-0.2696,-0.0637,0.0291,0,2.4092,0.5186,6.6751
72.9,-0.1778,0.0234,-0.1141,0,2.4149,0.5081,6.8198
73.0,-0.0784,0.2259,0.0153,3,2.1323,0.5031,7.1077
73.1,-0.2182,0.0641,-0.1876,0,2.3485,0.5166,6.7610
73.2,-0.1120,0.0949,-0.0619,0,2.3606,0.5126,6.8975
73.3,0.0229,0.2796,0.0047,3,2.2035,0.5025,7.0068
73.4,-0.2270,0.0116,-0.0473,0,2.3050,0.5105,6.7760
73.5,-0.2119,0.0384,0.0802,0,2.2820,0.5030,6.9013
73.6,-0.2519,-0.1469,-0.1624,0,2.4316,0.5119,6.7828
73.7,-0.1158,0.1609,-0.0618,3,2.5112,0.4993,6.8617
73.8,-0.0984,0.0379,-0.2224,0,2.5356,0.5067,6.7443
73.9,-0.1316,0.0476,-0.1129,0,2.2460,0.4980,7.0345
74.0,-0.1860,-0.0502,-0.1570,0,2.5258,0.5136,6.7797
74.1,-0.0580,0.2083,0.0652,3,2.2162,0.5030,6.9475
74.2,-0.2372,-0.0482,0.0160,0,2.3380,0.5122,6.8211
74.3,-0.0663,0.2441,-0.1018,3,2.1652,0.5056,7.0417
74.4,0.1529,0.1842,-0.0201,3,2.3623,0.4997,6.9781
74.5,-0.2106,0.0908,0.0685,0,2.2850,0.5114,6.8232
74.6,-0.1199,0.0555,-0.0364,0,2.1764,0.4953,7.0420
74.7,-0.2050,0.0261,0.0896,0,2.1831,0.5002,6.8948
74.8,-0.1451,0.2300,0.1105,3,2.1499,0.5104,6.7763
74.9,-0.1881,0.0110,-0.0858,0,2.2104,0.5088,6.8132
75.0,-0.1770,-0.0315,-0.2017,0,2.2959,0.5064,6.8947
75.1,-0.3136,-0.1022,-0.0051,0,2.2239,0.5120,6.8001
75.2,-0.1308,0.0588,0.1413,0,2.1581,0.5106,6.8013
75.3,-0.1155,0.1925,-0.0909,3,2.1589,0.5027,7.0247
75.4,-0.2665,0.0255,-0.0507,0,2.4142,0.5044,6.7858
75.5,-0.1662,0.2302,0.1759,3,2.2152,0.4999,6.9524
75.6,-0.2093,0.1064,0.0605,0,2.3105,0.5041,6.9198
75.7,-0.1658,0.0439,0.0268,0,2.2953,0.5111,6.8592
75.8,-0.1776,0.1052,0.0928,0,2.1842,0.5103,6.9171
75.9,-0.1805,0.2316,0.1559,3,2.1322,0.5023,6.9049
76.0,-0.1072,0.0316,-0.0113,0,2.2344,0.5041,6.8936
76.1,-0.2306,0.0283,0.1079,0,2.2675,0.5111,6.8326
76.2,-0.1532,0.0662,0.1157,0,2.2904,0.5003,6.9027
76.3,-0.1683,0.0592,0.0678,0,2.3113,0.5046,6.8587
76.4,-0.2048,-0.0142,0.0225,0,2.3328,0.5123,6.8276
76.5,-0.1887,0.1099,0.1722,0,2.3444,0.5089,6.7662
76.6,-0.1144,0.1511,0.1763,3,2.3807,0.4942,7.0328
76.7,-0.2855,0.0665,0.1521,0,2.3820,0.5047,6.9309
76.8,-0.0569,0.0972,0.2313,3,2.2895,0.5021,6.9020
76.9,-0.1775,0.0557,-0.0636,0,2.3868,0.4981,6.8489
77.0,-0.2056,0.0172,0.1177,0,2.6607,0.4997,6.8581
77.1,-0.2114,0.0148,0.1161,0,2.2687,0.5070,6.7988
77.2,-0.0790,0.1487,0.0463,3,2.2759,0.5126,6.7982
77.3,-0.1123,0.2105,0.0806,3,2.2935,0.5094,6.8293
77.4,-0.1399,0.0057,-0.0780,0,2.3666,0.5154,6.7610
77.5,-0.1621,0.1632,-0.0110,3,2.3855,0.4987,6.9208
77.6,-0.1280,0.1139,0.0748,0,2.2033,0.5054,6.8667
77.7,-0.2655,0.0025,-0.0054,0,2.2622,0.5142,6.8153
77.8,-0.2131,0.0506,0.0476,0,2.3258,0.5005,6.8948
77.9,-0.2662,-0.0685,-0.0978,0,2.5208,0.5160,6.7541
78.0,-0.1916,0.0451,-0.0637,0,2.4770,0.5127,6.8548
78.1,-0.1733,-0.0064,-0.1077,0,2.6304,0.5072,6.7453
78.2,-0.2086,-0.0218,0.0516,0,2.4681,0.5173,6.7333
78.3,-0.2508,-0.0613,0.0053,0,2.5434,0.5019,6.8631
78.4,-0.1188,0.1269,-0.0629,3,2.2880,0.5045,6.8863
78.5,-0.1375,0.1025,0.1522,0,2.1962,0.5096,6.8471
78.6,-0.2243,-0.0217,-0.1505,0,2.3930,0.5168,6.7529
78.7,-0.1284,0.1610,0.1270,3,2.2420,0.5073,6.9037
78.8,-0.2863,-0.0632,-0.0452,0,2.6243,0.5022,6.8178
78.9,-0.1783,0.0275,0.0878,0,2.3908,0.4988,6.9384
79.0,-0.2261,0.0074,-0.0555,0,2.3346,0.5041,6.8841
79.1,-0.1729,0.0456,-0.2186,0,2.4640,0.5129,6.7069
79.2,-0.1428,0.0837,-0.0034,0,2.2757,0.5058,6.8330
79.3,-0.1948,-0.1062,-0.2175,0,2.5756,0.4948,6.8870
79.4,-0.0865,0.0919,-0.0289,3,2.2065,0.5106,6.9003
79.5,-0.1566,0.1653,0.0787,3,2.1692,0.5027,6.9695
79.6,-0.2345,-0.0016,-0.0082,0,2.3131,0.5094,6.8373
79.7,-0.3008,-0.0573,0.0074,0,2.2246,0.5201,6.7120
79.8,-0.2519,0.0016,-0.0335,0,2.4367,0.5091,6.6940
79.9,-0.3102,-0.0789,-0.1263,0,2.4113,0.5182,6.6897
80.0,-0.1466,0.1633,0.0163,3,2.3026,0.5070,6.8171
80.1,-0.2638,0.0023,-0.0835,0,2.3917,0.5141,6.7943
80.2,-0.0735,0.2851,0.1755,3,2.2704,0.5028,6.9272
80.3,-0.1424,0.0745,0.0665,0,2.2582,0.5063,6.8453
80.4,-0.0226,0.1624,-0.1685,3,2.3401,0.4984,6.9935
80.5,-0.2165,-0.0709,-0.1478,0,2.6023,0.5061,6.8568
80.6,-0.1083,0.0437,0.0569,0,2.3860,0.5125,6.7763
80.7,-0.2203,0.0776,-0.0134,0,2.4389,0.5082,6.8441
80.8,-0.1189,0.0624,-0.0128,0,2.2527,0.5108,6.8768
80.9,-0.1678,0.0393,-0.0569,0,2.3568,0.5087,6.8430
81.0,-0.1652,0.0537,0.0818,0,2.2179,0.5126,6.8033
81.1,-0.2499,0.0409,-0.0118,0,2.2742,0.5073,6.8031
81.2,-0.2037,0.0247,-0.0619,0,2.2988,0.5095,6.8033
81.3,-0.1636,0.1657,-0.0136,3,2.1437,0.5115,6.8167
81.4,-0.2369,0.1092,0.0378,0,2.3129,0.5090,6.7938
81.5,-0.2060,0.0662,-0.0758,0,2.2481,0.5072,6.8664
81.6,-0.1312,0.1612,0.0423,3,2.2651,0.5009,6.9134
81.7,-0.2065,0.0900,-0.0434,0,2.2735,0.5030,6.8562
81.8,-0.1546,0.0714,-0.0127,0,2.3033,0.5075,6.8149
81.9,-0.0342,0.1604,0.0275,3,2.2308,0.4952,6.9746
82.0,-0.1957,0.2144,0.1506,3,2.2860,0.4990,6.9789
82.1,-0.1701,-0.0146,-0.1775,0,2.2429,0.4999,6.9789
82.2,-0.1962,-0.0428,-0.0010,0,2.3559,0.4997,6.9056
82.3,-0.2071,0.0774,-0.0312,0,2.3343,0.5072,6.7934
82.4,-0.2532,-0.0166,-0.0953,0,2.3922,0.5042,6.7916
82.5,-0.2557,0.0146,-0.1183,0,2.4241,0.5161,6.7488
82.6,-0.1219,0.1738,0.1624,3,2.0735,0.5083,6.9419
82.7,-0.1761,0.0263,-0.0430,0,2.1264,0.5044,6.8480
82.8,-0.2177,0.0559,0.0585,0,2.2549,0.4933,7.0411
82.9,-0.2905,-0.0002,0.0313,0,2.0756,0.5094,6.8076
83.0,-0.3099,-0.0282,0.0401,0,2.1881,0.5051,6.9104
83.1,-0.1929,0.1010,0.0125,0,2.1818,0.5085,6.8447
83.2,0.0473,0.2737,-0.0706,3,2.0803,0.5047,6.9334
83.3,-0.2257,-0.0698,-0.0498,0,2.3328,0.4996,6.8219
83.4,-0.2721,-0.0102,-0.0775,0,2.3594,0.4968,6.8544
83.5,-0.2963,-0.0644,-0.0804,0,2.3208,0.4974,6.9041
83.6,-0.1591,0.2187,0.2087,3,2.1201,0.4946,6.9850
83.7,-0.3096,-0.0843,0.0506,0,2.1592,0.5024,6.8274
83.8,-0.1696,0.1704,0.0660,3,1.9990,0.5012,6.9118
83.9,-0.1782,0.1269,0.0403,0,2.2713,0.4958,6.9431
84.0,-0.2457,0.0313,0.0706,0,2.1608,0.5068,6.8472
84.1,-0.1997,0.1027,0.0481,0,2.2874,0.5039,6.8618
84.2,-0.1155,0.1885,0.1011,3,2.1932,0.5100,6.7906
84.3,-0.2409,-0.0487,0.0208,0,2.2266,0.5100,6.8143
84.4,-0.3276,-0.0848,-0.0317,0,2.3936,0.5117,6.7409
84.5,-0.1552,0.0724,-0.1348,0,2.3926,0.5039,6.8155
84.6,-0.2596,0.0260,0.1418,0,2.2202,0.5012,6.9370
84.7,-0.1954,0.0187,0.0553,0,2.3349,0.5037,6.8985
84.8,-0.1585,-0.0465,0.0441,0,2.2621,0.5059,6.9302
84.9,-0.2214,0.0133,0.0084,0,2.3857,0.5129,6.7633
85.0,-0.2141,0.1515,0.1024,0,2.2285,0.5067,6.8158
85.1,-0.1610,0.0660,0.0115,0,2.4063,0.5040,6.8344
85.2,-0.1472,0.1066,-0.0056,0,2.3143,0.5061,6.8424
85.3,-0.1623,0.1815,0.0177,3,2.4642,0.5095,6.7817
85.4,-0.2708,-0.0664,-0.0634,0,2.3888,0.5109,6.7878
85.5,-0.2186,0.0489,0.0344,0,2.4066,0.5034,6.8616
85.6,-0.0460,0.2125,0.1226,3,2.2258,0.5037,6.9886
85.7,-0.1879,0.0684,-0.0442,0,2.4564,0.5014,6.8963
85.8,-0.1132,0.1772,0.0668,3,2.3639,0.5042,6.9240
85.9,-0.1475,0.1674,0.1179,3,2.2773,0.5028,6.9056
86.0,-0.1431,0.1701,0.0025,3,2.3134,0.5128,6.8904
86.1,-0.2697,0.0624,0.1169,0,2.3664,0.5075,6.8275
86.2,-0.2592,-0.0419,0.1070,0,2.5180,0.5036,6.8113
86.3,-0.2365,-0.1067,-0.1408,0,2.5159,0.5065,6.8992
86.4,-0.3028,-0.0752,-0.0217,0,2.5686,0.5032,6.7694
86.5,-0.0794,0.0938,0.0925,3,2.2589,0.5120,6.8136
86.6,-0.2064,0.0668,-0.1048,0,2.4204,0.4993,6.9652
86.7,-0.2381,0.0403,0.0403,0,2.3685,0.5125,6.8003
86.8,-0.1796,0.0114,-0.0808,0,2.4349,0.5101,6.7622
86.9,-0.2173,0.0929,0.0928,0,2.2161,0.5101,6.8547
87.0,-0.2882,-0.0657,-0.0339,0,2.4031,0.5081,6.7770
87.1,-0.2759,0.0227,0.0432,0,2.2943,0.5076,6.7582
87.2,-0.2889,0.0081,-0.0042,0,2.2733,0.5107,6.8850
87.3,-0.2498,-0.0337,0.0835,0,2.2243,0.5219,6.7567
87.4,-0.1626,0.0932,-0.0681,0,2.4812,0.5102,6.8461
87.5,-0.1860,0.0415,-0.0135,0,2.1949,0.5100,6.8536
87.6,-0.1928,0.0576,-0.0471,0,2.2673,0.5138,6.8232
87.7,-0.1713,0.1185,0.0587,0,2.2638,0.5146,6.7384
87.8,-0.2529,0.1075,0.0513,0,2.3557,0.5096,6.7607
87.9,-0.1739,0.0622,0.0669,0,2.2519,0.5089,6.8712
88.0,-0.1872,0.0572,-0.0802,0,2.2832,0.5135,6.7684
88.1,-0.1226,0.1451,0.1117,3,2.2244,0.5046,6.8473
88.2,-0.1204,0.0193,0.0866,0,2.1989,0.5041,6.8920
88.3,-0.2279,-0.0506,-0.0259,0,2.4132,0.5073,6.8425
88.4,-0.1607,0.2253,0.1850,3,2.3032,0.5016,6.8871
88.5,-0.2373,-0.0149,-0.0395,0,2.3886,0.5152,6.7222
88.6,-0.1767,0.0975,0.0923,0,2.2713,0.5107,6.8079
88.7,-0.1927,0.1518,0.1025,0,2.0629,0.5086,6.9194
88.8,-0.2250,0.0592,0.1323,0,2.3650,0.4983,6.9137
88.9,-0.2630,0.0612,0.0575,0,2.4037,0.5051,6.8374
89.0,-0.2076,0.1500,0.0689,0,2.2588,0.5012,6.8885
89.1,-0.2299,0.2070,0.2145,3,2.0768,0.5181,6.8337
89.2,-0.2260,0.0666,0.1373,0,2.1624,0.5058,6.8909
89.3,-0.2412,0.1048,0.0415,0,2.2721,0.5087,6.8016
89.4,-0.2200,0.1710,-0.0759,0,2.5382,0.5030,6.8299
89.5,-0.1292,0.0943,0.0292,0,2.4520,0.4970,6.9309
89.6,-0.2310,0.1434,0.2024,0,2.2986,0.5043,6.8493
89.7,-0.2371,0.0575,0.0739,0,2.2348,0.5079,6.8174
89.8,-0.2498,0.1113,0.0067,0,2.4610,0.4975,6.9627
89.9,-0.1767,0.1035,-0.0612,0,2.3799,0.5056,6.8017
90.0,-0.1720,0.1016,0.1135,0,2.2564,0.5074,6.8727
90.1,-0.2208,0.0898,0.1292,0,2.2503,0.5051,6.8598
90.2,-0.0167,0.1511,-0.0069,3,2.1964,0.5081,6.9518
90.3,-0.1556,0.1181,0.0477,0,2.2596,0.5164,6.8336
90.4,-0.2005,-0.0163,-0.0157,0,2.2422,0.5113,6.9176
90.5,-0.2183,0.0025,0.0452,0,2.2811,0.5020,6.9084
90.6,-0.1466,0.1942,0.0667,3,2.1315,0.5026,6.8746
90.7,-0.1754,0.1174,-0.0814,0,2.0825,0.5190,6.7111
90.8,-0.2255,0.1224,-0.0307,0,2.0847,0.5048,6.8276
90.9,-0.1392,0.1719,0.0804,3,2.1306,0.5088,6.8812
91.0,-0.3101,0.0575,0.0436,0,2.1251,0.5104,6.8135
91.1,-0.1828,0.0053,-0.1551,0,2.3378,0.5092,6.7684
91.2,-0.1633,-0.0188,-0.1771,0,2.5174,0.5034,6.7548
91.3,-0.0810,0.1979,0.0181,3,2.1454,0.5158,6.7539
91.4,-0.1919,-0.0250,-0.1558,0,2.3533,0.5032,6.9358
91.5,-0.0784,0.1455,0.0509,3,2.2600,0.5079,6.8871
91.6,-0.2065,-0.0607,-0.0393,0,2.3643,0.5047,6.8179
91.7,-0.1129,0.1568,-0.0220,3,2.2807,0.5052,6.8282
91.8,-0.1151,0.2557,0.0789,3,2.1607,0.5152,6.8190
91.9,-0.1716,0.0549,-0.1139,0,2.3631,0.5115,6.8080
92.0,-0.1151,0.1719,0.0292,3,2.2675,0.5102,6.8301
92.1,-0.2044,0.0953,-0.0510,0,2.3463,0.5081,6.8384
92.2,-0.2435,0.0495,-0.1050,0,2.4466,0.5047,6.8944
92.3,-0.2927,0.1081,0.0757,0,2.3455,0.4967,7.0270
92.4,-0.2499,0.0028,0.1572,0,2.1628,0.5090,6.8245
92.5,-0.1255,0.0361,-0.1799,0,2.3798,0.5104,6.8710
92.6,-0.2067,0.0744,-0.0662,0,2.3995,0.5073,6.8386
92.7,-0.1970,0.0067,0.1432,0,2.2321,0.5156,6.7770
92.8,-0.2473,0.0421,0.0625,0,2.4152,0.4995,6.8219
92.9,-0.1350,0.0789,-0.1176,0,2.4495,0.5100,6.8186
93.0,-0.2812,0.0690,0.2359,0,2.4509,0.5065,6.7668
93.1,-0.1042,0.1192,0.0520,3,2.3569,0.4968,6.9472
93.2,-0.2429,-0.0568,-0.0090,0,2.5193,0.5044,6.7600
93.3,-0.1554,-0.0379,-0.1244,0,2.4369,0.5030,6.8328
93.4,-0.1503,0.0636,-0.3612,0,2.6164,0.4958,6.8340
93.5,-0.1852,-0.1092,-0.3571,0,2.6983,0.5075,6.6988
93.6,-0.1816,-0.0405,-0.2964,0,2.4887,0.5079,6.7485
93.7,-0.2374,-0.0594,0.0115,0,2.5143,0.5074,6.7536
93.8,-0.2505,-0.0273,0.0421,0,2.5634,0.5028,6.8065
93.9,-0.1190,0.0255,-0.0476,0,2.2673,0.5138,6.8307
94.0,-0.3404,-0.1987,-0.0182,0,2.5489,0.5042,6.7209
94.1,-0.2043,-0.0449,0.0669,0,2.3182,0.5096,6.7353
94.2,-0.1701,0.0589,0.1827,0,2.0669,0.5104,6.8979
94.3,-0.2490,-0.0054,0.0731,0,2.2449,0.5065,6.8434
94.4,-0.2804,-0.0036,0.1048,0,2.2796,0.5045,6.7720
94.5,-0.2986,-0.0535,0.0515,0,2.3023,0.5095,6.7841
94.6,-0.2614,-0.0919,-0.0753,0,2.4846,0.5110,6.6975
94.7,-0.2065,-0.0899,0.1364,0,2.4276,0.5116,6.8225
94.8,-0.2617,-0.0096,0.0713,0,2.4566,0.5094,6.8733
94.9,-0.3119,-0.0682,0.1062,0,2.3999,0.4989,6.8021
95.0,-0.2617,-0.1499,0.0737,0,2.3696,0.5048,6.7648
95.1,-0.2234,0.0038,0.0719,0,2.3362,0.5146,6.8093
95.2,-0.2867,-0.0299,0.0435,0,2.3456,0.5063,6.8475
95.3,-0.2450,-0.0288,0.1150,0,2.3961,0.5136,6.7915
95.4,-0.2406,0.0497,0.0214,0,2.2532,0.5106,6.8293
95.5,-0.1968,0.0533,0.1142,0,2.2683,0.5184,6.8064
95.6,-0.2050,-0.0601,0.0520,0,2.1839,0.5025,6.8718
95.7,-0.3351,-0.0997,0.0749,0,2.2692,0.5039,6.8160
95.8,-0.3225,-0.0916,0.1532,0,2.3636,0.5071,6.8046
95.9,-0.2584,0.0116,0.0416,0,2.2449,0.5088,6.8065
96.0,-0.2446,-0.0419,0.1553,0,2.2103,0.5093,6.8406
96.1,-0.2197,0.1343,-0.0048,0,2.2786,0.5155,6.7889
96.2,-0.1879,0.0418,-0.0247,0,2.1742,0.5147,6.7659
96.3,-0.3116,-0.1511,-0.0389,0,2.4729,0.5092,6.7411
96.4,-0.2633,-0.1434,0.0162,0,2.4193,0.5110,6.7668
96.5,-0.1150,0.0066,0.0346,0,2.3596,0.5149,6.8122
96.6,-0.1913,0.0614,-0.0721,0,2.5650,0.4987,6.8306
96.7,-0.2028,0.1170,0.0916,0,2.5105,0.5024,6.8785
96.8,-0.1022,0.0256,-0.0878,0,2.5473,0.5101,6.7785
96.9,-0.2104,-0.0284,-0.0828,0,2.5657,0.5046,6.7860
97.0,-0.1619,0.0070,-0.0808,0,2.4598,0.5076,6.7972
97.1,-0.2639,-0.0548,-0.0261,0,2.3125,0.5127,6.8294
97.2,-0.2340,0.0214,0.0555,0,2.2176,0.5110,6.7851
97.3,-0.3101,-0.1630,-0.0128,0,2.4326,0.5092,6.8802
97.4,-0.1199,0.0009,0.0503,0,2.2412,0.5075,6.8665
97.5,-0.3335,-0.2335,0.1210,0,2.3842,0.5069,6.7877
97.6,-0.2340,0.1658,0.1754,0,2.0415,0.5083,6.9466
97.7,-0.2198,0.0809,0.1979,0,2.0911,0.5009,6.8855
97.8,-0.3000,-0.1595,-0.1117,0,2.6304,0.5053,6.7495
97.9,-0.2633,-0.0661,0.0748,0,2.1823,0.5144,6.7715
98.0,-0.1317,0.0766,-0.0612,0,2.1729,0.5158,6.8264
98.1,-0.2059,-0.0185,0.2160,0,2.3188,0.4977,6.9051
98.2,-0.1356,0.1139,0.2743,0,2.2454,0.5100,6.8149
98.3,-0.1487,-0.0288,0.0252,0,2.3913,0.5032,6.9239
98.4,-0.1002,-0.0860,0.1943,0,2.3756,0.4955,7.0420
98.5,-0.1493,0.1002,0.0667,0,2.3305,0.4976,6.9132
98.6,-0.1373,-0.1244,0.1574,0,2.3432,0.5017,6.8707
98.7,-0.2671,-0.0671,0.1975,0,2.3450,0.5075,6.7572
98.8,-0.2248,-0.0727,0.0498,0,2.1752,0.5104,6.8590
98.9,-0.1570,0.0327,0.0791,0,2.0853,0.5055,6.8874
99.0,-0.1455,0.0862,-0.0178,0,2.2318,0.5124,6.7759
99.1,-0.2261,0.0036,-0.0667,0,2.2396,0.5161,6.7934
99.2,-0.1962,0.0185,0.0633,0,2.1335,0.5126,6.8768
99.3,-0.1371,0.2204,0.1133,3,2.2630,0.5094,6.8532
99.4,-0.1525,0.0862,0.0890,0,2.1099,0.5045,6.8980
99.5,-0.2709,-0.0865,0.0507,0,2.2466,0.5071,6.8280
99.6,-0.2085,-0.0454,0.0056,0,2.4336,0.5075,6.7623
99.7,-0.2410,0.0749,0.0489,0,2.2910,0.5102,6.7193
99.8,-0.2042,-0.0055,-0.0132,0,2.4214,0.5125,6.7663
99.9,-0.1927,-0.0211,-0.0639,0,2.5137,0.5097,6.8366
100.0,-0.2081,0.0205,-0.1246,0,2.4651,0.5037,6.7231
100.1,-0.2248,0.0067,0.0706,0,2.0696,0.5093,6.8674
100.2,-0.1432,0.1945,0.0938,3,1.9697,0.5058,6.9021
100.3,-0.1753,-0.0190,0.1818,0,2.1731,0.5022,6.8313
