PC1_edge,PC2_edge,FE_kcal_mol
0.293,-0.915,1.9760
0.229,-0.845,1.9760
0.357,-0.810,1.9760
0.421,-0.810,1.9760
0.389,-0.775,1.9760
0.389,-0.705,1.9760
0.453,-0.705,1.9760
0.484,-0.670,1.3245
-0.090,-0.635,1.9760
0.357,-0.635,1.9760
0.516,-0.635,1.9760
0.548,-0.635,1.9760
0.644,-0.635,1.9760
0.739,-0.635,1.9760
0.038,-0.600,1.9760
0.134,-0.600,1.9760
0.484,-0.600,1.9760
0.516,-0.600,1.9760
0.612,-0.600,1.9760
0.644,-0.600,1.9760
0.676,-0.600,1.9760
0.102,-0.566,1.9760
0.516,-0.566,1.9760
0.548,-0.566,1.9760
0.580,-0.566,1.9760
0.612,-0.566,1.5650
0.644,-0.566,1.9760
0.676,-0.566,1.9760
0.708,-0.566,1.9760
0.134,-0.531,1.9760
0.453,-0.531,1.9760
0.516,-0.531,1.5650
0.548,-0.531,1.9760
0.580,-0.531,1.9760
0.006,-0.496,1.9760
0.102,-0.496,1.9760
0.389,-0.496,1.9760
0.453,-0.496,1.9760
0.612,-0.496,1.9760
0.644,-0.496,1.9760
0.708,-0.496,1.9760
0.739,-0.496,1.9760
0.070,-0.461,1.5650
0.102,-0.461,1.5650
0.134,-0.461,1.3245
0.166,-0.461,1.9760
0.197,-0.461,1.9760
0.229,-0.461,1.5650
0.389,-0.461,1.9760
0.453,-0.461,1.9760
0.612,-0.461,1.3245
0.644,-0.461,1.5650
0.166,-0.426,1.9760
0.197,-0.426,1.5650
0.261,-0.426,1.5650
0.453,-0.426,1.9760
0.484,-0.426,1.9760
0.548,-0.426,1.9760
0.708,-0.426,1.5650
0.739,-0.426,1.5650
0.134,-0.391,1.9760
0.166,-0.391,1.5650
0.197,-0.391,1.9760
0.229,-0.391,1.5650
0.261,-0.391,1.9760
0.293,-0.391,1.9760
0.516,-0.391,1.9760
0.676,-0.391,1.9760
-0.408,-0.356,1.9760
0.006,-0.356,1.5650
0.134,-0.356,1.9760
0.166,-0.356,1.5650
0.261,-0.356,1.9760
0.293,-0.356,1.5650
0.325,-0.356,1.5650
0.612,-0.356,1.9760
0.739,-0.356,1.9760
0.931,-0.356,1.9760
-0.345,-0.321,1.9760
0.261,-0.321,1.5650
0.325,-0.321,1.9760
0.421,-0.321,1.9760
0.708,-0.321,1.9760
0.803,-0.321,1.9760
-0.408,-0.286,1.9760
-0.249,-0.286,1.9760
0.197,-0.286,1.9760
0.229,-0.286,1.9760
0.293,-0.286,1.9760
0.325,-0.286,1.5650
0.516,-0.286,1.9760
0.867,-0.286,1.9760
-0.408,-0.251,1.9760
-0.376,-0.251,1.5650
-0.345,-0.251,1.5650
-0.313,-0.251,1.9760
0.166,-0.251,1.9760
0.197,-0.251,1.9760
0.229,-0.251,1.5650
0.261,-0.251,1.9760
0.293,-0.251,1.9760
0.325,-0.251,1.5650
0.357,-0.251,1.9760
0.453,-0.251,1.9760
0.580,-0.251,1.9760
0.771,-0.251,1.5650
0.899,-0.251,1.9760
-0.376,-0.216,1.9760
-0.345,-0.216,1.5650
-0.313,-0.216,1.5650
-0.281,-0.216,1.9760
-0.249,-0.216,1.5650
0.102,-0.216,1.9760
0.261,-0.216,1.9760
0.293,-0.216,1.5650
0.357,-0.216,1.0216
0.453,-0.216,1.9760
0.803,-0.216,1.9760
0.835,-0.216,1.9760
0.867,-0.216,1.9760
0.995,-0.216,1.9760
-0.376,-0.181,1.9760
-0.345,-0.181,1.9760
-0.313,-0.181,0.9135
-0.281,-0.181,0.8221
-0.249,-0.181,1.3245
-0.217,-0.181,1.9760
0.261,-0.181,1.9760
0.293,-0.181,1.5650
0.357,-0.181,1.5650
0.389,-0.181,1.9760
0.421,-0.181,1.9760
0.484,-0.181,1.9760
0.835,-0.181,1.9760
0.963,-0.181,1.9760
-0.376,-0.147,1.9760
-0.345,-0.147,1.9760
-0.313,-0.147,1.0216
-0.281,-0.147,0.5540
-0.249,-0.147,1.0216
-0.217,-0.147,1.1539
-0.153,-0.147,1.9760
0.229,-0.147,1.9760
0.325,-0.147,1.9760
0.389,-0.147,1.5650
0.421,-0.147,1.9760
0.899,-0.147,1.9760
1.058,-0.147,1.9760
-0.376,-0.112,1.9760
-0.345,-0.112,1.0216
-0.313,-0.112,0.6730
-0.281,-0.112,0.3701
-0.249,-0.112,0.6106
-0.217,-0.112,0.7429
-0.185,-0.112,1.3245
-0.121,-0.112,1.9760
0.261,-0.112,1.9760
0.421,-0.112,1.9760
0.453,-0.112,1.9760
0.771,-0.112,1.9760
0.899,-0.112,1.9760
-0.345,-0.077,1.9760
-0.313,-0.077,0.6106
-0.281,-0.077,0.2299
-0.249,-0.077,0.1166
-0.217,-0.077,0.2299
-0.185,-0.077,0.9135
-0.153,-0.077,1.5650
0.293,-0.077,1.9760
0.453,-0.077,1.9760
0.771,-0.077,1.9760
0.931,-0.077,1.9760
0.995,-0.077,1.9760
1.058,-0.077,1.9760
-0.345,-0.042,1.9760
-0.313,-0.042,1.1539
-0.281,-0.042,0.5540
-0.249,-0.042,0.3319
-0.217,-0.042,0.0914
-0.185,-0.042,0.4550
-0.153,-0.042,1.3245
0.995,-0.042,1.9760
-0.345,-0.007,1.9760
-0.313,-0.007,1.0216
-0.281,-0.007,0.3319
-0.249,-0.007,0.1166
-0.217,-0.007,0.0000
-0.185,-0.007,0.2299
-0.153,-0.007,0.9135
-0.121,-0.007,0.6730
-0.090,-0.007,1.9760
0.484,-0.007,1.9760
0.995,-0.007,1.9760
1.058,-0.007,1.9760
1.090,-0.007,1.9760
-0.345,0.028,1.9760
-0.313,0.028,1.5650
-0.281,0.028,0.9135
-0.249,0.028,0.2299
-0.217,0.028,0.0914
-0.185,0.028,0.1995
-0.153,0.028,0.5024
-0.121,0.028,0.8221
0.325,0.028,1.9760
0.516,0.028,1.9760
0.612,0.028,1.9760
1.058,0.028,1.9760
-0.313,0.063,1.5650
-0.281,0.063,1.5650
-0.249,0.063,0.5540
-0.217,0.063,0.1995
-0.185,0.063,0.3319
-0.153,0.063,0.2620
-0.121,0.063,0.8221
-0.090,0.063,1.1539
-0.058,0.063,1.5650
0.325,0.063,1.9760
0.421,0.063,1.9760
0.484,0.063,1.9760
-0.313,0.098,1.9760
-0.281,0.098,1.5650
-0.249,0.098,0.8221
-0.217,0.098,1.0216
-0.185,0.098,0.2620
-0.153,0.098,0.4110
-0.121,0.098,0.9135
-0.090,0.098,1.3245
-0.026,0.098,1.5650
0.006,0.098,1.9760
0.484,0.098,1.9760
1.154,0.098,1.5650
-0.249,0.133,1.1539
-0.217,0.133,0.9135
-0.185,0.133,0.8221
-0.153,0.133,0.4550
-0.121,0.133,0.5024
-0.090,0.133,1.3245
-0.058,0.133,1.9760
-0.026,0.133,1.1539
0.580,0.133,1.5650
0.739,0.133,1.9760
0.771,0.133,1.9760
0.899,0.133,1.9760
-0.249,0.168,1.9760
-0.217,0.168,1.9760
-0.185,0.168,1.5650
-0.153,0.168,0.8221
-0.121,0.168,0.9135
-0.090,0.168,1.5650
-0.058,0.168,1.9760
-0.026,0.168,0.9135
0.006,0.168,1.9760
0.038,0.168,1.9760
0.134,0.168,1.9760
0.357,0.168,1.9760
0.612,0.168,1.5650
0.676,0.168,1.9760
-0.249,0.203,1.9760
-0.217,0.203,1.9760
-0.185,0.203,1.1539
-0.153,0.203,1.3245
-0.121,0.203,1.5650
-0.090,0.203,1.5650
-0.058,0.203,1.3245
-0.026,0.203,1.5650
0.006,0.203,1.5650
0.038,0.203,1.9760
0.548,0.203,1.9760
0.612,0.203,1.9760
0.676,0.203,1.9760
0.771,0.203,1.9760
-0.153,0.237,1.9760
-0.121,0.237,1.5650
-0.090,0.237,1.3245
-0.026,0.237,1.9760
0.006,0.237,1.9760
0.038,0.237,1.9760
0.644,0.237,1.9760
0.676,0.237,1.9760
0.708,0.237,1.9760
-0.090,0.272,1.5650
0.006,0.272,1.1539
0.038,0.272,1.5650
0.867,0.272,1.9760
-0.090,0.307,1.9760
0.070,0.307,1.9760
0.676,0.307,1.9760
-0.090,0.342,1.9760
-0.026,0.342,1.9760
0.038,0.342,1.5650
0.070,0.342,1.5650
0.102,0.342,1.9760
0.612,0.342,1.9760
-0.058,0.377,1.9760
0.006,0.377,1.9760
0.197,0.377,1.9760
0.676,0.377,1.9760
0.739,0.377,1.9760
0.771,0.377,1.9760
0.070,0.412,1.9760
0.134,0.412,1.9760
0.229,0.412,1.9760
0.644,0.412,1.9760
0.676,0.412,1.9760
0.835,0.412,1.9760
0.963,0.412,1.9760
0.070,0.447,1.9760
0.102,0.447,1.9760
0.197,0.447,1.9760
0.229,0.447,1.9760
0.708,0.447,1.9760
0.803,0.447,1.9760
0.867,0.447,1.9760
0.963,0.447,1.9760
-0.058,0.482,1.9760
0.134,0.482,1.9760
0.676,0.482,1.3245
0.867,0.482,1.9760
0.899,0.482,1.9760
-0.026,0.517,1.9760
0.293,0.517,1.9760
0.708,0.517,1.5650
0.771,0.517,1.9760
0.803,0.517,1.9760
0.995,0.517,1.9760
0.038,0.552,1.9760
0.835,0.552,1.9760
0.867,0.552,1.9760
0.899,0.552,1.9760
0.931,0.552,1.9760
0.963,0.552,1.9760
1.026,0.552,1.9760
0.006,0.587,1.9760
0.229,0.587,1.9760
0.325,0.621,1.9760
0.867,0.621,1.9760
0.899,0.621,1.9760
0.931,0.621,1.9760
0.963,0.621,1.9760
0.995,0.621,1.9760
1.026,0.621,1.9760
1.090,0.621,1.9760
0.229,0.656,1.9760
0.835,0.656,1.9760
0.931,0.656,1.9760
0.963,0.656,1.9760
0.803,0.691,1.9760
0.995,0.691,1.9760
0.229,0.726,1.9760
0.293,0.796,1.5650
1.026,0.796,1.9760
1.090,0.796,1.9760
