Time_ns,Trp6_Pro12,Trp6_Pro17,Trp6_Pro18,Trp6_Pro19
0.4,6.620,7.315,4.898,6.266
0.5,6.689,7.141,4.391,7.098
0.6,7.016,6.890,4.398,7.649
0.7,6.579,5.893,5.364,9.869
0.8,6.870,5.958,5.083,9.660
0.9,6.247,5.004,5.545,9.737
1.0,6.333,5.433,5.420,10.137
1.1,5.923,4.917,5.953,10.147
1.2,5.832,5.289,6.426,10.044
1.3,6.132,5.040,5.563,10.065
1.4,6.228,5.284,6.094,10.267
1.5,6.451,6.030,5.115,9.858
1.6,6.914,5.786,5.033,9.839
1.7,6.811,6.237,5.568,10.305
1.8,6.303,6.259,5.726,9.960
1.9,6.486,6.309,4.859,9.407
2.0,6.403,5.013,5.402,10.085
2.1,6.382,5.173,6.075,10.585
2.2,6.451,5.457,5.115,9.607
2.3,6.585,5.306,5.182,9.338
2.4,6.271,6.052,4.972,9.503
2.5,6.735,5.371,5.638,10.062
2.6,6.193,5.270,5.321,10.002
2.7,6.391,6.149,6.172,10.509
2.8,6.374,5.242,6.645,10.745
2.9,6.595,5.221,5.571,9.912
3.0,6.532,5.437,5.086,9.712
3.1,6.656,5.612,5.429,9.984
3.2,6.656,5.097,6.242,10.868
3.3,6.432,5.160,5.860,10.414
3.4,6.181,5.356,5.401,9.981
3.5,6.355,5.740,5.558,10.200
3.6,6.691,6.294,6.577,10.841
3.7,6.299,6.714,6.330,10.781
3.8,6.687,5.084,6.022,10.483
3.9,6.558,5.573,5.103,9.799
4.0,6.444,5.729,5.044,9.793
4.1,6.607,5.174,5.467,9.733
4.2,7.052,5.730,5.291,9.586
4.3,6.146,5.764,5.414,9.850
4.4,6.561,5.512,5.422,10.103
4.5,6.534,5.114,5.713,10.183
4.6,6.194,5.025,5.541,10.173
4.7,6.769,5.384,5.794,10.501
4.8,6.693,4.977,5.528,10.003
4.9,6.817,5.395,5.681,10.226
5.0,6.749,5.678,4.914,9.510
5.1,6.650,4.869,5.834,10.148
5.2,6.301,5.321,5.662,10.128
5.3,7.198,5.632,5.221,9.940
5.4,6.416,4.973,6.089,10.189
5.5,7.115,4.976,6.134,10.747
5.6,6.853,5.228,5.470,9.720
5.7,6.325,5.507,5.149,9.577
5.8,6.831,5.639,5.447,9.991
5.9,6.348,5.272,6.087,10.278
6.0,6.269,5.086,6.110,10.448
6.1,6.430,5.279,5.578,10.210
6.2,6.711,5.055,5.845,10.378
6.3,7.355,5.358,5.263,9.490
6.4,6.776,5.303,5.428,10.040
6.5,7.015,5.576,5.438,10.023
6.6,6.138,4.997,5.995,10.491
6.7,6.711,5.631,5.320,10.001
6.8,6.884,5.014,5.676,10.420
6.9,6.932,5.034,5.664,10.199
7.0,6.942,4.816,5.810,9.830
7.1,7.389,5.394,5.372,9.772
7.2,6.461,5.504,5.360,9.809
7.3,6.733,5.491,5.469,9.975
7.4,6.500,5.745,10.561,12.859
7.5,6.100,6.437,10.920,12.937
7.6,6.166,5.992,10.629,11.981
7.7,6.539,6.797,11.114,12.875
7.8,6.194,7.035,11.675,13.433
7.9,6.372,6.855,11.388,13.572
8.0,6.537,7.131,11.675,13.612
8.1,6.209,7.003,11.318,12.819
8.2,6.057,6.719,11.105,13.461
8.3,6.883,6.419,10.722,12.885
8.4,6.633,7.067,11.448,13.431
8.5,6.455,6.984,10.905,12.143
8.6,6.509,7.828,11.810,12.867
8.7,6.572,5.328,9.742,10.872
8.8,6.777,5.122,9.378,10.412
8.9,7.106,5.668,10.290,11.146
9.0,6.481,5.304,9.444,10.382
9.1,6.309,5.287,9.828,10.441
9.2,6.319,5.570,10.176,10.339
9.3,6.344,5.581,10.370,12.891
9.4,6.991,4.855,9.412,12.948
9.5,5.883,5.100,9.561,11.118
9.6,7.040,5.565,10.378,12.333
9.7,6.674,5.895,10.568,12.158
9.8,6.370,5.597,10.100,12.875
9.9,6.339,5.607,10.147,11.447
10.0,6.796,6.018,10.346,10.874
10.1,7.428,5.302,9.909,12.109
10.2,6.421,5.492,10.040,11.457
10.3,5.606,5.669,9.836,10.568
10.4,6.495,5.993,10.155,11.701
10.5,5.420,5.219,9.937,12.121
10.6,6.613,5.902,10.020,11.026
10.7,5.611,5.278,10.074,12.534
10.8,6.004,6.034,10.478,12.000
10.9,7.080,4.924,9.678,11.429
11.0,6.868,5.990,10.724,12.686
11.1,6.418,6.351,10.868,12.317
11.2,6.583,5.862,10.270,11.628
11.3,6.423,5.637,9.772,10.844
11.4,6.372,5.379,10.041,11.958
11.5,6.185,5.431,9.889,11.007
11.6,6.662,6.482,10.933,14.229
11.7,6.866,5.812,10.344,11.629
11.8,6.616,6.334,10.516,11.981
11.9,6.300,5.292,9.843,11.519
12.0,6.202,5.291,9.858,11.677
12.1,6.500,6.153,10.536,12.061
12.2,6.405,5.526,10.142,11.801
12.3,7.007,5.573,10.212,11.893
12.4,5.894,5.400,10.049,11.961
12.5,6.882,5.792,10.259,11.295
12.6,6.501,5.526,9.930,12.108
12.7,6.206,5.233,9.749,11.513
12.8,6.749,5.180,9.551,12.531
12.9,6.495,6.173,10.916,12.546
13.0,6.608,6.287,10.965,13.382
13.1,6.603,5.779,10.446,12.203
13.2,6.624,6.450,10.931,13.536
13.3,6.483,5.432,10.182,12.344
13.4,6.348,5.369,10.043,11.636
13.5,6.642,6.063,10.568,13.551
13.6,6.330,5.574,10.198,11.973
13.7,6.635,5.673,10.253,13.440
13.8,6.491,5.552,10.345,12.758
13.9,6.429,5.245,9.868,12.426
14.0,6.729,5.909,10.392,12.127
14.1,6.733,4.372,8.749,11.614
14.2,6.458,4.961,9.247,11.716
14.3,6.464,5.561,10.171,12.113
14.4,6.359,5.435,9.736,10.827
14.5,6.538,5.028,9.560,10.727
14.6,6.533,4.677,9.216,9.873
14.7,6.890,4.907,9.743,12.041
14.8,6.964,5.471,9.543,9.850
14.9,7.018,5.002,9.754,12.117
15.0,6.458,6.060,10.779,13.353
15.1,6.266,5.398,9.860,11.526
15.2,6.479,5.529,10.227,12.031
15.3,6.422,5.495,9.945,11.244
15.4,6.594,5.473,10.201,11.878
15.5,6.663,6.814,10.798,10.593
15.6,6.239,5.905,10.660,11.898
15.7,6.575,5.224,9.842,10.987
15.8,6.220,6.140,10.402,11.584
15.9,6.947,5.903,10.288,10.934
16.0,6.399,5.781,10.137,11.079
16.1,6.239,4.933,5.358,9.919
16.2,7.509,4.781,5.981,10.153
16.3,6.579,4.972,5.712,10.114
16.4,6.560,4.947,5.520,9.910
16.5,7.101,5.258,5.673,9.991
16.6,6.797,5.183,5.735,10.075
16.7,6.250,5.445,5.639,10.031
16.8,6.343,4.922,5.602,9.778
16.9,5.918,5.460,5.550,9.915
17.0,6.258,5.018,5.350,9.821
17.1,6.216,5.270,5.158,9.485
17.2,6.579,5.180,5.478,9.543
17.3,6.548,5.580,5.342,10.037
17.4,5.904,5.622,5.531,10.484
17.5,6.532,5.685,6.301,10.762
17.6,6.138,5.138,5.795,10.277
17.7,6.237,5.338,5.442,10.174
17.8,5.973,5.842,5.774,10.543
17.9,6.311,5.281,5.382,9.896
18.0,6.253,5.034,5.649,9.631
18.1,5.991,5.745,5.336,9.489
18.2,5.857,5.486,6.212,10.878
18.3,6.276,5.665,5.364,10.080
18.4,6.300,5.002,5.437,10.005
18.5,6.173,5.944,5.075,9.929
18.6,6.818,6.333,5.043,9.401
18.7,6.221,4.749,5.959,10.520
18.8,6.401,4.807,7.491,11.776
18.9,6.384,4.490,7.084,11.117
19.0,6.303,4.691,6.117,10.627
19.1,6.061,4.258,8.042,11.799
19.2,5.549,4.595,8.741,11.918
19.3,6.332,4.984,8.939,12.696
19.4,6.145,4.647,6.866,11.286
19.5,6.163,5.224,5.668,10.203
19.6,6.528,4.341,6.372,10.773
19.7,6.650,6.144,5.062,9.824
19.8,5.917,5.142,6.356,10.948
19.9,7.006,5.963,5.923,10.557
20.0,6.388,5.315,9.264,11.752
20.1,6.566,6.108,6.631,11.183
20.2,6.311,5.996,5.022,9.818
20.3,6.751,6.019,5.547,10.359
20.4,6.288,5.976,4.775,9.467
20.5,5.871,4.819,7.032,11.236
20.6,6.267,5.515,5.801,10.411
20.7,6.280,4.884,6.453,10.670
20.8,6.098,5.290,6.563,10.958
20.9,5.634,4.943,6.464,11.007
21.0,6.622,5.656,5.276,10.105
21.1,5.967,6.282,6.353,10.937
21.2,6.582,4.773,6.346,10.734
21.3,6.256,5.698,7.185,11.534
21.4,6.325,4.480,6.412,10.591
21.5,6.484,5.637,6.050,10.564
21.6,6.744,4.884,7.061,11.120
21.7,5.882,4.766,6.573,10.809
21.8,6.423,5.449,5.561,10.314
21.9,6.722,5.574,7.281,11.671
22.0,6.404,5.094,5.670,10.295
22.1,6.226,5.437,5.095,9.760
22.2,6.007,4.770,5.796,10.348
22.3,6.442,4.870,5.954,10.658
22.4,6.189,5.628,5.619,10.301
22.5,6.483,5.360,5.512,10.038
22.6,6.934,5.807,5.628,10.456
22.7,6.034,4.909,7.248,11.394
22.8,6.022,4.571,6.293,10.383
22.9,6.998,5.014,7.829,11.995
23.0,6.817,5.252,8.894,12.341
23.1,6.789,5.054,8.451,11.975
23.2,6.495,5.079,7.637,11.324
23.3,6.985,5.174,5.627,10.144
23.4,6.822,5.155,5.347,9.946
23.5,6.461,4.872,6.396,10.673
23.6,6.109,5.903,5.622,10.045
23.7,6.331,4.925,5.548,10.139
23.8,6.123,4.845,6.113,10.665
23.9,5.999,5.019,5.822,10.585
24.0,6.362,4.824,6.166,10.866
24.1,5.992,4.367,6.888,11.046
24.2,6.249,5.062,7.240,11.760
24.3,6.380,4.575,6.293,9.867
24.4,6.504,6.478,5.040,9.842
24.5,6.280,4.950,6.881,11.340
24.6,6.453,5.159,7.127,11.309
24.7,6.679,4.512,6.940,11.116
24.8,6.224,5.009,6.198,10.588
24.9,5.924,5.770,6.076,10.709
25.0,6.726,7.134,4.461,6.843
25.1,7.203,7.600,5.353,6.975
25.2,7.112,6.959,4.737,5.955
25.3,6.480,7.137,5.053,6.848
25.4,6.804,7.188,4.800,6.081
25.5,6.145,7.213,5.229,5.877
25.6,6.070,7.387,6.341,5.855
25.7,6.756,6.796,4.866,6.423
25.8,6.789,7.357,5.415,5.486
25.9,6.729,6.977,4.868,8.136
26.0,6.478,7.933,5.256,5.459
26.1,6.384,6.868,4.286,6.551
26.2,6.643,7.046,4.554,7.024
26.3,6.815,7.450,5.509,5.834
26.4,6.585,7.093,4.740,5.800
26.5,6.786,7.816,5.404,5.563
26.6,6.373,7.419,5.496,5.438
26.7,6.667,7.403,5.473,5.039
26.8,6.341,7.470,5.902,5.872
26.9,6.490,7.236,4.936,6.280
27.0,6.387,7.285,5.778,4.960
27.1,6.347,7.573,4.516,7.006
27.2,6.663,7.639,5.287,5.710
27.3,6.659,7.450,5.273,5.826
27.4,6.416,7.386,4.502,6.409
27.5,7.220,7.395,4.621,6.397
27.6,6.780,7.631,5.120,5.592
27.7,5.795,7.325,5.491,5.252
27.8,6.486,7.686,5.240,5.670
27.9,6.246,7.009,4.808,6.224
28.0,6.440,7.774,5.326,5.455
28.1,6.309,7.514,4.801,5.896
28.2,6.578,7.622,5.365,5.607
28.3,6.593,7.669,5.312,5.738
28.4,6.743,7.326,4.936,5.471
28.5,6.989,7.398,5.107,5.685
28.6,6.731,7.244,5.220,5.783
28.7,6.728,7.832,5.184,5.750
28.8,6.216,7.605,5.324,5.979
28.9,6.029,7.552,5.780,6.213
29.0,7.255,7.470,4.969,5.669
29.1,6.605,7.031,5.077,5.839
29.2,6.671,7.341,5.150,6.213
29.3,6.803,7.249,4.735,5.830
29.4,6.336,7.521,5.580,5.649
29.5,7.060,7.672,5.127,5.700
29.6,6.722,7.010,5.395,5.572
29.7,6.007,7.285,5.124,5.344
29.8,6.735,7.237,5.554,6.215
29.9,7.046,7.913,5.381,5.191
30.0,6.468,7.714,5.281,5.962
30.1,6.694,7.062,4.876,6.101
30.2,6.339,7.398,4.897,6.195
30.3,6.590,7.071,5.335,5.534
30.4,6.494,7.730,5.665,5.262
30.5,6.200,7.714,4.872,5.909
30.6,6.389,7.602,4.704,6.135
30.7,6.483,7.357,5.734,5.293
30.8,6.314,7.437,4.972,5.830
30.9,6.405,7.764,5.440,5.375
31.0,6.452,7.341,4.961,5.761
31.1,7.090,6.923,4.733,6.918
31.2,6.624,7.589,4.833,6.671
31.3,6.648,7.464,5.223,6.079
31.4,6.495,7.244,4.890,5.856
31.5,6.023,7.356,4.912,6.268
31.6,6.710,7.016,4.606,6.456
31.7,6.089,7.393,5.124,5.257
31.8,6.703,7.570,5.412,5.373
31.9,6.668,8.309,4.884,5.767
32.0,6.755,7.354,4.730,7.877
32.1,6.420,7.238,4.403,6.660
32.2,6.367,7.356,4.888,5.939
32.3,6.856,7.658,4.886,5.378
32.4,7.188,7.845,5.394,5.586
32.5,6.879,7.138,5.352,6.485
32.6,7.039,7.301,4.737,5.796
32.7,6.708,7.477,4.866,5.943
32.8,6.862,7.121,4.906,6.192
32.9,6.399,7.014,4.393,6.311
33.0,6.562,7.038,4.657,6.331
33.1,6.501,7.188,4.978,6.436
33.2,6.307,7.091,4.540,6.314
33.3,6.367,6.633,4.299,7.037
33.4,7.053,7.367,5.184,5.780
33.5,6.254,7.500,5.699,5.371
33.6,6.247,7.405,5.176,6.392
33.7,6.147,7.723,5.185,6.199
33.8,5.932,7.616,5.253,5.588
33.9,6.882,7.723,5.590,5.080
34.0,6.720,7.587,5.718,4.918
34.1,6.728,7.466,5.236,5.426
34.2,6.330,7.470,5.389,5.692
34.3,6.298,7.662,5.661,5.174
34.4,6.821,7.290,5.206,5.670
34.5,6.404,7.588,5.160,5.873
34.6,6.004,7.559,5.760,5.869
34.7,6.315,8.001,5.044,5.427
34.8,6.826,7.580,5.676,5.391
34.9,6.828,7.299,5.121,5.772
35.0,7.296,7.666,5.002,6.535
35.1,6.872,8.083,5.626,5.318
35.2,6.750,7.430,5.286,5.855
35.3,6.707,7.256,4.971,6.670
35.4,6.806,7.345,5.051,5.888
35.5,6.572,7.473,5.124,6.087
35.6,6.535,7.483,5.218,5.409
35.7,7.563,7.214,4.700,6.167
35.8,6.870,8.075,5.625,5.753
35.9,6.967,7.552,4.745,6.325
36.0,6.862,7.537,5.077,5.779
36.1,6.610,7.426,4.549,7.944
36.2,6.303,7.402,4.865,7.089
36.3,7.232,6.954,4.385,6.980
36.4,6.794,7.135,4.636,7.118
36.5,6.482,7.568,4.692,6.936
36.6,6.485,7.230,4.650,6.640
36.7,6.774,7.195,4.809,6.205
36.8,6.996,7.540,4.705,6.068
36.9,6.002,7.725,5.023,5.693
37.0,6.924,7.207,5.117,6.158
37.1,6.320,6.922,4.889,5.715
37.2,5.726,7.801,5.483,5.560
37.3,4.976,7.455,4.907,5.821
37.4,4.863,7.616,5.586,5.239
37.5,6.181,8.173,6.399,5.322
37.6,6.677,7.249,5.690,5.268
37.7,6.835,7.579,5.146,5.741
37.8,6.837,7.198,4.690,5.929
37.9,6.924,7.416,4.954,5.745
38.0,6.868,7.504,5.190,5.396
38.1,6.668,7.451,4.869,6.871
38.2,6.847,7.505,5.933,5.304
38.3,6.746,7.251,5.208,5.592
38.4,6.945,6.942,4.713,6.937
38.5,5.977,7.249,4.753,6.712
38.6,7.412,7.438,4.891,5.937
38.7,6.671,7.672,4.871,5.752
38.8,7.068,7.265,4.891,6.100
38.9,6.488,7.669,4.950,6.111
39.0,7.692,7.312,4.779,6.204
39.1,7.120,7.562,4.970,7.239
39.2,6.618,7.207,4.753,6.377
39.3,7.315,7.212,4.939,6.215
39.4,7.079,7.455,4.924,6.208
39.5,6.866,7.875,5.606,5.190
39.6,6.496,7.413,5.047,5.927
39.7,6.682,7.571,4.907,5.715
39.8,6.228,7.581,5.472,6.700
39.9,6.446,7.373,4.842,6.308
40.0,6.246,7.186,5.295,5.752
40.1,6.653,7.561,4.824,6.238
40.2,6.424,7.479,5.102,5.876
40.3,6.890,7.698,5.637,5.668
40.4,6.402,7.211,4.654,6.546
40.5,6.559,7.284,5.338,5.615
40.6,7.219,7.482,5.121,5.670
40.7,6.806,7.548,5.452,6.655
40.8,6.647,7.221,5.344,5.601
40.9,6.579,7.207,4.940,5.760
41.0,6.762,7.692,4.784,6.040
41.1,6.102,7.198,4.965,6.495
41.2,6.392,7.393,4.938,5.954
41.3,6.492,7.623,5.281,5.447
41.4,6.494,7.242,4.769,5.886
41.5,6.688,7.163,4.645,6.140
41.6,6.288,7.673,4.713,5.945
41.7,6.232,7.511,4.863,5.730
41.8,6.885,7.583,5.107,5.522
41.9,6.736,7.716,4.874,5.748
42.0,6.591,7.363,5.301,5.572
42.1,6.536,7.291,4.546,5.992
42.2,6.632,7.623,5.268,6.176
42.3,6.456,7.431,4.281,6.561
42.4,6.148,7.469,5.526,5.850
42.5,6.506,7.490,4.902,6.303
42.6,6.489,7.395,5.070,5.533
42.7,6.489,6.641,4.807,6.585
42.8,6.416,7.448,5.372,5.575
42.9,6.687,7.555,5.140,5.632
43.0,6.942,7.674,5.062,5.608
43.1,5.836,7.173,5.140,5.815
43.2,6.315,7.548,5.280,6.195
43.3,6.576,7.309,4.870,6.280
43.4,6.085,7.587,5.107,6.637
43.5,6.548,7.451,4.760,6.181
43.6,6.584,7.368,5.433,5.512
43.7,6.675,7.606,4.873,6.410
43.8,7.063,7.571,4.898,6.598
43.9,6.633,7.504,4.926,6.098
44.0,6.194,7.653,5.099,5.950
44.1,6.535,7.900,5.150,5.853
44.2,6.473,7.338,4.765,6.795
44.3,6.516,7.496,5.120,6.331
44.4,6.500,7.296,5.001,6.172
44.5,6.447,7.395,5.103,5.746
44.6,6.521,7.668,5.547,5.932
44.7,7.593,7.880,5.552,5.184
44.8,6.257,7.281,5.156,6.203
44.9,6.431,7.751,5.537,5.237
45.0,6.465,7.248,5.164,6.033
45.1,6.492,7.642,5.530,6.245
45.2,7.013,7.723,4.845,6.389
45.3,6.284,7.116,5.522,5.304
45.4,6.439,7.432,5.253,6.045
45.5,6.662,7.404,5.030,5.968
45.6,6.595,8.057,5.521,5.341
45.7,6.545,6.995,4.679,7.468
45.8,6.623,7.238,4.963,5.575
45.9,6.329,7.333,5.153,5.956
46.0,6.572,7.606,5.198,6.313
46.1,6.750,7.356,5.080,6.043
46.2,5.980,7.220,4.792,7.005
46.3,6.683,7.896,5.301,5.646
46.4,6.502,7.580,5.460,5.770
46.5,6.671,7.509,5.122,5.515
46.6,6.944,7.339,4.922,5.639
46.7,6.450,7.335,4.967,6.215
46.8,6.364,7.841,5.199,6.340
46.9,6.245,7.350,5.092,5.514
47.0,6.450,7.634,5.121,5.594
47.1,5.991,7.608,4.787,6.178
47.2,6.301,7.378,5.122,5.689
47.3,6.509,7.208,5.101,6.047
47.4,6.835,7.315,4.892,6.620
47.5,6.378,7.555,5.603,5.240
47.6,6.668,7.583,5.867,5.648
47.7,6.680,7.297,4.866,6.361
47.8,6.628,7.720,5.367,6.205
47.9,6.640,7.535,5.381,5.832
48.0,6.234,7.084,5.267,6.233
48.1,6.520,7.980,5.496,5.993
48.2,6.471,8.180,5.126,7.082
48.3,6.067,7.680,5.529,6.581
48.4,6.380,7.671,5.309,6.604
48.5,6.774,7.233,5.146,6.889
48.6,6.127,7.322,5.084,6.267
48.7,6.457,7.056,4.898,5.562
48.8,6.264,7.451,4.978,6.214
48.9,6.649,7.150,4.972,6.055
49.0,6.643,7.277,5.105,5.743
49.1,7.165,7.061,4.802,6.424
49.2,6.381,7.951,5.912,5.327
49.3,6.902,7.845,5.400,5.590
49.4,6.395,7.275,5.435,5.169
49.5,6.420,6.958,5.013,6.351
49.6,6.264,7.112,5.368,5.245
49.7,6.804,7.548,5.054,6.214
49.8,6.619,7.398,4.848,6.050
49.9,6.064,7.554,4.973,6.528
50.0,6.919,7.711,4.942,6.430
50.1,6.677,7.377,5.734,5.088
50.2,6.717,7.144,4.913,6.176
50.3,6.435,7.479,5.112,5.979
50.4,6.331,6.910,5.009,6.997
50.5,6.722,7.454,5.121,6.037
50.6,5.985,7.529,5.513,5.465
50.7,6.824,7.622,5.246,5.948
50.8,6.526,7.707,5.191,5.896
50.9,6.185,7.377,5.161,5.884
51.0,6.519,7.380,5.197,6.704
51.1,6.240,7.539,4.836,6.837
51.2,6.661,7.626,5.357,5.666
51.3,6.494,7.460,4.782,6.010
51.4,6.598,7.690,4.861,6.904
51.5,6.855,7.455,4.904,6.685
51.6,6.542,7.703,5.324,5.754
51.7,6.467,7.806,5.811,5.363
51.8,6.446,7.617,4.947,6.133
51.9,6.993,8.609,5.991,5.654
52.0,6.665,7.846,5.531,6.306
52.1,6.588,7.325,4.776,5.896
52.2,6.572,7.364,5.461,5.528
52.3,6.515,7.113,4.644,6.461
52.4,6.491,7.452,4.656,6.160
52.5,6.788,7.261,4.900,5.827
52.6,6.923,7.260,4.789,6.107
52.7,6.109,7.467,4.826,6.580
52.8,6.360,7.488,5.443,5.218
52.9,6.298,7.792,6.143,5.246
53.0,6.549,7.926,5.338,5.811
53.1,6.346,7.373,5.193,5.903
53.2,6.315,7.268,4.631,6.441
53.3,6.414,7.670,5.352,5.480
53.4,6.165,7.476,5.616,4.996
53.5,6.263,7.438,5.168,6.226
53.6,6.085,7.040,4.870,6.324
53.7,6.688,7.425,5.062,5.900
53.8,6.597,7.494,4.882,5.827
53.9,6.046,7.073,4.894,6.113
54.0,6.155,7.298,4.708,5.841
54.1,6.372,7.860,5.201,5.624
54.2,6.159,7.589,5.203,6.283
54.3,5.859,7.099,4.692,6.581
54.4,6.707,7.195,4.997,5.674
54.5,6.859,7.614,5.420,5.798
54.6,6.998,7.273,4.820,5.446
54.7,7.363,7.148,5.112,6.080
54.8,6.622,6.916,4.648,6.668
54.9,6.782,7.165,5.046,6.100
55.0,7.020,7.675,5.393,5.371
55.1,6.513,7.369,5.263,5.961
55.2,6.273,7.179,4.783,6.093
55.3,6.385,7.379,5.044,5.774
55.4,6.227,7.974,5.804,5.324
55.5,6.468,7.102,4.658,6.260
55.6,6.601,7.156,4.925,5.485
55.7,6.427,7.545,5.463,6.057
55.8,7.187,8.192,5.834,5.218
55.9,6.311,7.075,4.835,6.504
56.0,6.893,7.139,4.980,5.634
56.1,6.982,7.164,4.921,5.933
56.2,6.030,7.495,5.482,5.846
56.3,6.474,7.794,5.769,5.080
56.4,6.313,7.604,4.973,5.924
56.5,6.467,7.310,4.543,6.597
56.6,5.649,7.583,5.090,6.165
56.7,6.258,7.509,5.233,5.641
56.8,7.058,7.518,5.401,5.558
56.9,6.594,7.368,5.377,5.763
57.0,6.527,7.679,5.185,5.529
57.1,6.424,7.172,4.998,5.416
57.2,6.322,6.723,5.196,6.051
57.3,6.522,7.346,4.945,5.899
57.4,6.072,6.771,5.163,5.661
57.5,6.220,7.146,5.025,6.325
57.6,6.553,7.824,5.511,5.635
57.7,6.573,7.341,5.293,5.359
57.8,7.110,7.346,5.508,5.828
57.9,6.208,7.037,5.243,6.186
58.0,6.148,7.433,5.478,5.448
58.1,6.484,7.489,5.258,5.832
58.2,6.560,7.455,5.100,5.995
58.3,6.336,7.232,4.630,6.173
58.4,6.475,7.373,6.082,5.174
58.5,6.508,7.115,5.445,5.258
58.6,6.496,7.287,5.026,6.121
58.7,6.277,7.826,6.488,5.297
58.8,6.710,7.097,5.400,5.890
58.9,6.701,7.097,4.863,6.115
59.0,6.137,7.562,5.850,5.148
59.1,6.366,7.483,6.371,5.272
59.2,6.561,7.627,4.780,5.942
59.3,6.578,6.975,5.371,5.393
59.4,6.594,7.649,5.347,5.638
59.5,6.514,7.636,5.328,5.801
59.6,6.675,7.486,5.225,5.502
59.7,6.312,7.138,5.276,5.299
59.8,6.768,7.171,5.539,5.244
59.9,6.401,7.345,5.772,4.994
60.0,6.599,7.864,5.673,5.358
60.1,6.369,7.104,5.460,5.442
60.2,6.205,6.918,5.788,5.580
60.3,6.086,7.857,5.774,4.977
60.4,6.883,7.274,5.895,4.713
60.5,6.391,7.482,4.958,5.930
60.6,6.996,7.653,5.538,5.146
60.7,6.734,7.625,5.359,5.630
60.8,6.652,7.833,5.189,5.856
60.9,6.880,7.504,4.873,5.676
61.0,5.975,7.738,5.375,5.818
61.1,6.147,7.225,5.052,6.039
61.2,6.300,7.129,5.484,5.453
61.3,6.837,8.326,5.959,5.131
61.4,6.807,7.305,5.803,5.026
61.5,7.022,7.300,5.315,5.222
61.6,6.555,7.459,5.066,5.346
61.7,6.926,7.612,6.093,5.271
61.8,6.504,7.918,5.374,5.639
61.9,6.412,8.600,6.028,5.096
62.0,6.708,7.327,5.147,5.945
62.1,6.859,7.604,5.305,5.161
62.2,6.794,7.652,5.283,5.493
62.3,6.952,7.145,5.721,5.844
62.4,6.473,7.029,5.071,5.503
62.5,6.471,7.180,4.684,5.979
62.6,6.705,7.344,5.007,6.387
62.7,6.360,6.847,5.181,5.702
62.8,6.887,7.519,5.893,5.333
62.9,7.009,7.559,5.129,5.995
63.0,6.249,7.568,5.891,6.010
63.1,6.299,7.082,5.098,5.917
63.2,7.128,7.674,5.755,4.905
63.3,6.304,7.615,5.652,5.765
63.4,6.451,7.700,5.219,5.636
63.5,6.605,7.188,5.569,4.982
63.6,6.260,7.580,5.266,5.504
63.7,6.327,7.743,4.899,6.324
63.8,7.138,7.179,5.235,5.536
63.9,6.652,7.472,5.959,5.453
64.0,6.837,6.989,4.948,5.556
64.1,5.755,7.021,5.347,6.543
64.2,6.708,7.492,6.077,5.185
64.3,6.837,7.588,5.918,5.216
64.4,6.963,7.537,5.164,5.723
64.5,6.723,7.787,5.508,5.383
64.6,6.348,7.867,5.653,6.073
64.7,6.655,7.997,5.769,5.453
64.8,6.539,7.555,5.905,5.480
64.9,6.272,7.497,6.038,5.401
65.0,5.983,7.061,5.559,5.404
65.1,6.783,7.943,6.164,4.969
65.2,6.278,7.116,5.161,5.565
65.3,6.444,7.329,5.526,5.260
65.4,6.677,7.241,5.122,5.889
65.5,6.591,7.418,4.813,5.696
65.6,6.424,7.245,4.926,5.649
65.7,6.356,7.005,5.058,5.608
65.8,6.635,7.533,5.206,6.068
65.9,7.021,7.264,5.143,5.463
66.0,6.586,7.309,5.414,6.417
66.1,6.389,7.173,5.152,6.214
66.2,6.799,7.833,5.038,6.071
66.3,6.710,7.103,5.142,5.352
66.4,6.083,7.609,4.972,5.658
66.5,6.447,7.002,4.750,6.659
66.6,6.500,7.731,5.754,5.629
66.7,6.331,7.514,5.217,5.512
66.8,7.053,7.443,4.977,5.630
66.9,6.375,7.491,4.727,6.244
67.0,6.186,7.511,5.197,5.889
67.1,5.863,7.584,5.312,5.636
67.2,6.985,7.484,5.119,5.884
67.3,6.542,7.756,5.376,5.495
67.4,6.791,7.449,5.632,5.847
67.5,6.770,7.198,4.897,6.162
67.6,6.160,7.279,5.133,5.871
67.7,6.024,7.366,5.344,5.856
67.8,6.434,7.412,5.114,6.329
67.9,6.919,7.306,5.381,5.880
68.0,6.784,7.868,5.272,5.536
68.1,6.214,7.374,4.918,5.609
68.2,6.899,7.590,5.026,6.153
68.3,6.347,7.481,5.194,5.586
68.4,6.115,7.544,5.150,6.933
68.5,6.250,7.815,5.291,6.245
68.6,6.501,7.569,5.555,5.927
68.7,6.459,7.739,5.696,5.921
68.8,6.746,7.455,5.181,5.896
68.9,6.551,7.276,4.955,6.236
69.0,6.843,7.222,5.026,6.111
69.1,7.267,7.658,4.881,5.242
69.2,6.725,6.865,4.696,6.056
69.3,6.862,7.386,4.778,6.147
69.4,6.343,7.411,4.880,6.183
69.5,6.085,7.239,4.734,6.143
69.6,6.718,7.547,5.084,5.883
69.7,6.893,7.454,4.761,5.952
69.8,6.280,7.503,5.504,6.147
69.9,6.406,7.877,5.229,5.642
70.0,7.238,7.470,5.267,5.854
70.1,5.767,7.874,5.147,5.926
70.2,6.755,7.355,4.982,6.055
70.3,6.491,7.379,4.857,5.961
70.4,6.621,7.176,5.307,5.406
70.5,6.696,7.905,5.373,5.362
70.6,6.780,7.495,5.786,5.232
70.7,6.650,7.627,5.054,5.567
70.8,6.521,7.780,5.639,5.262
70.9,6.718,7.126,4.835,5.870
71.0,6.721,7.704,4.993,6.018
71.1,6.175,7.519,5.693,5.457
71.2,7.184,7.374,5.159,5.552
71.3,6.349,7.198,4.794,6.549
71.4,6.602,7.627,5.193,5.616
71.5,6.152,7.171,4.906,5.861
71.6,6.411,7.364,5.305,5.650
71.7,6.582,8.008,5.387,5.297
71.8,7.014,7.769,5.341,7.060
71.9,6.578,7.443,5.109,6.269
72.0,6.610,7.732,5.369,5.632
72.1,6.039,7.567,5.691,5.246
72.2,6.609,7.795,5.534,5.278
72.3,6.662,7.792,5.418,5.331
72.4,6.369,7.495,4.950,5.969
72.5,6.880,7.634,5.341,5.725
72.6,6.379,7.327,5.001,5.966
72.7,6.118,7.016,4.805,6.309
72.8,6.094,7.714,5.608,5.450
72.9,6.525,7.556,5.562,5.285
73.0,6.802,7.017,4.642,6.042
73.1,6.464,7.186,4.718,5.445
73.2,6.359,7.354,5.002,5.966
73.3,6.144,7.459,4.594,6.974
73.4,6.881,7.850,5.419,5.616
73.5,6.669,7.629,5.292,6.071
73.6,6.645,7.263,5.077,5.483
73.7,5.906,7.435,5.504,5.283
73.8,6.369,7.601,5.024,5.867
73.9,6.934,7.399,5.007,6.180
74.0,6.273,7.468,4.783,5.711
74.1,6.652,7.943,4.866,6.173
74.2,6.428,7.812,5.177,5.987
74.3,6.655,7.941,5.223,5.572
74.4,6.346,6.754,4.602,8.261
74.5,6.386,7.709,5.320,5.545
74.6,7.506,7.465,4.740,6.050
74.7,6.905,7.247,5.334,5.944
74.8,6.433,7.282,4.780,6.243
74.9,6.356,7.558,5.263,5.887
75.0,6.870,7.666,5.005,5.648
75.1,6.462,7.080,5.237,5.365
75.2,6.737,7.414,4.960,6.437
75.3,6.994,7.421,4.952,5.693
75.4,6.785,7.368,5.148,5.429
75.5,6.771,7.241,4.881,6.015
75.6,6.883,7.746,5.331,5.950
75.7,6.734,7.412,5.061,6.292
75.8,6.699,7.077,4.766,6.072
75.9,6.387,7.239,5.130,5.787
76.0,6.710,7.473,4.895,6.322
76.1,6.327,6.985,4.865,6.022
76.2,6.854,7.280,4.912,6.542
76.3,6.858,7.357,4.949,6.216
76.4,6.378,7.775,5.060,6.004
76.5,6.140,7.688,5.509,5.893
76.6,6.313,8.114,5.295,7.264
76.7,6.623,8.959,5.925,5.593
76.8,6.918,7.811,4.850,7.439
76.9,6.618,8.136,5.645,5.946
77.0,7.368,7.692,5.246,5.875
77.1,6.900,7.429,4.796,6.061
77.2,6.300,7.233,5.036,6.420
77.3,5.986,7.725,5.283,5.729
77.4,6.600,7.033,4.769,6.145
77.5,6.173,7.510,5.291,5.364
77.6,6.465,7.727,4.968,6.342
77.7,6.659,7.559,4.741,5.642
77.8,7.120,7.800,5.545,5.232
77.9,6.326,7.414,5.265,5.426
78.0,6.185,7.533,5.108,5.435
78.1,6.869,7.503,5.287,5.603
78.2,6.455,7.350,4.981,5.733
78.3,6.315,7.872,5.318,5.800
78.4,6.563,7.580,5.529,5.728
78.5,6.760,7.142,4.957,6.667
78.6,6.475,7.741,5.141,5.451
78.7,6.336,7.124,4.637,6.467
78.8,7.175,7.487,5.490,5.139
78.9,6.827,7.190,4.816,6.564
79.0,6.964,7.540,5.308,5.523
79.1,6.424,7.563,5.038,5.356
79.2,7.250,7.530,4.842,5.741
79.3,7.057,7.556,5.065,5.711
79.4,6.428,7.301,4.775,5.924
79.5,6.737,7.544,5.090,5.799
79.6,6.339,7.440,4.928,5.800
79.7,6.583,7.417,4.777,5.656
79.8,7.197,7.686,5.230,5.826
79.9,6.375,7.694,4.975,5.801
80.0,6.891,7.774,4.987,5.830
80.1,6.292,7.314,4.942,5.410
80.2,6.602,7.556,4.706,6.618
80.3,6.806,7.083,5.067,6.219
80.4,6.666,7.857,4.584,6.211
80.5,6.356,7.574,4.860,5.800
80.6,6.765,7.280,4.590,6.611
80.7,7.233,7.302,5.218,5.367
80.8,5.986,7.943,5.101,6.298
80.9,6.548,7.705,5.441,5.625
81.0,6.309,6.873,4.800,6.431
81.1,6.768,7.763,5.066,5.453
81.2,6.137,7.364,5.064,5.656
81.3,6.502,7.347,4.912,5.391
81.4,6.696,7.331,5.192,5.568
81.5,6.777,7.408,5.524,5.528
81.6,6.564,7.263,5.071,6.159
81.7,6.578,7.079,5.429,5.311
81.8,6.408,7.575,4.962,6.371
81.9,7.127,7.179,5.185,6.556
82.0,6.636,7.853,5.243,5.883
82.1,6.705,7.391,4.916,5.975
82.2,7.004,7.571,5.139,5.804
82.3,6.512,7.375,5.019,5.818
82.4,6.315,7.671,5.442,5.573
82.5,6.587,7.409,5.145,5.415
82.6,6.919,7.369,4.897,6.347
82.7,6.832,7.084,5.195,5.550
82.8,7.656,7.879,6.166,5.781
82.9,6.291,7.703,5.677,5.123
83.0,6.775,7.751,5.732,5.309
83.1,6.642,7.672,5.527,5.467
83.2,6.877,7.124,4.818,6.297
83.3,7.274,7.903,5.854,5.295
83.4,7.173,7.750,5.602,5.334
83.5,6.553,7.442,5.076,5.701
83.6,6.898,7.184,5.284,6.440
83.7,6.655,7.320,5.661,5.311
83.8,7.164,7.252,4.866,5.981
83.9,7.381,7.721,5.382,5.611
84.0,6.546,7.342,4.667,6.129
84.1,6.475,7.451,5.268,5.601
84.2,6.608,7.441,4.941,6.180
84.3,6.800,7.443,5.104,5.819
84.4,6.788,7.549,5.720,5.544
84.5,6.365,7.405,5.277,5.914
84.6,6.688,7.512,5.455,5.845
84.7,6.220,7.472,5.091,6.648
84.8,6.412,7.386,5.409,6.347
84.9,6.010,7.144,4.980,5.654
85.0,6.576,7.019,5.306,5.440
85.1,6.818,7.054,4.581,6.067
85.2,6.841,7.292,5.469,5.631
85.3,6.187,7.851,4.783,5.644
85.4,6.250,7.367,5.272,5.165
85.5,6.564,7.814,5.504,5.377
85.6,6.623,7.554,5.191,6.278
85.7,6.362,7.157,4.842,6.083
85.8,6.208,7.517,5.035,6.232
85.9,6.404,7.429,5.071,6.104
86.0,6.088,7.335,4.785,5.820
86.1,6.573,7.368,4.907,5.842
86.2,6.733,7.715,5.648,5.643
86.3,6.878,7.609,4.918,6.036
86.4,6.946,7.744,5.427,6.031
86.5,6.462,7.272,4.955,6.831
86.6,6.647,6.968,4.950,5.483
86.7,6.340,7.913,5.055,5.839
86.8,6.662,7.595,4.804,5.853
86.9,6.068,7.499,5.141,5.468
87.0,6.997,7.185,5.191,5.888
87.1,6.694,7.569,5.274,5.944
87.2,6.307,7.181,5.017,5.836
87.3,6.185,7.406,5.611,5.951
87.4,6.843,7.725,4.979,5.539
87.5,6.749,7.544,5.177,5.826
87.6,7.245,7.480,5.183,5.432
87.7,6.420,7.252,4.783,5.871
87.8,6.624,7.140,5.033,5.532
87.9,6.980,7.472,5.237,6.007
88.0,6.657,7.201,4.976,5.800
88.1,6.303,7.437,4.936,6.791
88.2,6.317,7.082,4.412,7.303
88.3,6.866,7.698,5.059,5.736
88.4,6.577,7.339,5.079,5.649
88.5,6.346,7.204,5.343,5.656
88.6,6.351,7.570,5.069,6.368
88.7,6.480,7.207,4.961,6.120
88.8,7.086,7.489,5.208,5.821
88.9,6.434,8.064,5.741,5.524
89.0,6.714,7.293,5.052,5.767
89.1,6.537,7.224,5.147,5.812
89.2,6.632,7.110,4.938,5.913
89.3,6.993,7.506,5.032,5.560
89.4,6.611,7.477,4.759,5.696
89.5,6.885,7.975,5.396,6.298
89.6,6.709,7.803,5.375,5.667
89.7,6.123,7.090,4.606,6.273
89.8,6.525,7.369,5.048,5.542
89.9,7.023,7.412,5.105,5.517
90.0,6.834,7.506,5.299,6.059
90.1,7.105,7.268,5.986,5.275
90.2,6.613,7.048,4.306,7.114
90.3,6.723,7.649,4.952,6.001
90.4,6.402,7.236,4.664,6.472
90.5,6.447,7.751,4.827,6.206
90.6,6.332,7.470,5.179,5.829
90.7,6.362,7.203,4.744,5.601
90.8,6.534,7.052,5.213,5.524
90.9,7.267,7.557,4.861,6.137
91.0,6.831,7.797,5.486,5.249
91.1,6.183,7.085,5.139,5.389
91.2,7.016,7.440,5.003,5.759
91.3,6.882,7.568,4.868,5.736
91.4,6.266,7.088,5.053,5.761
91.5,6.974,7.198,4.608,6.939
91.6,7.056,7.701,5.754,5.619
91.7,6.735,7.758,5.540,5.626
91.8,6.086,7.309,4.971,5.947
91.9,6.921,7.687,5.060,6.116
92.0,6.801,7.353,4.894,6.195
92.1,6.571,7.578,5.453,5.647
92.2,6.291,7.149,5.210,5.340
92.3,6.481,7.325,5.121,5.386
92.4,6.413,7.467,5.090,6.099
92.5,6.711,7.596,5.154,5.743
92.6,6.579,7.605,5.191,5.392
92.7,6.561,6.897,4.806,6.505
92.8,6.458,7.544,5.448,5.394
92.9,6.268,7.528,4.898,5.675
93.0,6.526,8.010,6.037,5.182
93.1,7.348,7.531,4.857,6.125
93.2,6.247,7.676,5.483,5.135
93.3,5.905,7.774,5.443,5.692
93.4,6.922,7.575,5.799,5.015
93.5,6.327,7.348,5.671,5.281
93.6,6.657,7.402,4.714,5.925
93.7,6.669,7.521,5.516,5.658
93.8,6.259,7.667,5.610,5.882
93.9,6.451,7.451,4.844,6.125
94.0,5.584,7.642,5.854,4.979
94.1,5.876,7.080,5.249,6.060
94.2,6.529,7.482,4.968,6.219
94.3,6.315,7.162,4.929,6.253
94.4,6.543,7.380,5.180,5.666
94.5,6.177,7.481,5.816,5.289
94.6,6.477,7.406,5.064,5.842
94.7,6.346,7.151,4.890,6.901
94.8,6.369,7.648,5.416,5.860
94.9,6.354,7.695,5.812,5.224
95.0,6.928,7.426,5.410,5.721
95.1,6.606,7.276,5.280,5.958
95.2,6.479,7.421,4.773,5.799
95.3,6.498,7.608,5.141,5.949
95.4,6.588,7.534,4.960,5.558
95.5,6.824,6.935,5.265,5.695
95.6,6.483,7.369,5.123,6.183
95.7,6.466,7.627,5.272,5.332
95.8,6.452,7.600,4.974,5.780
95.9,6.958,7.457,5.400,5.300
96.0,6.977,7.114,5.072,6.095
96.1,6.497,7.618,5.348,5.385
96.2,6.681,7.207,4.885,5.870
96.3,6.370,7.376,5.655,5.689
96.4,6.625,7.346,5.133,6.210
96.5,6.622,6.762,4.635,6.560
96.6,6.527,7.735,5.294,5.812
96.7,6.476,7.640,5.314,5.471
96.8,6.197,7.581,4.755,6.224
96.9,6.375,7.617,5.414,5.481
97.0,6.613,7.379,4.737,6.002
97.1,6.346,7.301,5.477,5.686
97.2,6.179,7.401,5.566,5.640
97.3,6.753,7.579,4.964,6.007
97.4,6.115,7.782,4.899,6.454
97.5,6.588,7.374,4.885,6.379
97.6,6.498,7.446,5.681,5.784
97.7,6.294,7.426,5.393,5.929
97.8,7.085,7.631,5.546,5.716
97.9,6.142,7.683,5.345,5.959
98.0,6.504,7.712,5.235,5.626
98.1,6.474,7.821,5.505,6.683
98.2,6.305,6.901,5.146,6.856
98.3,6.081,7.419,5.279,6.755
98.4,6.607,7.586,5.147,7.732
98.5,7.190,7.907,5.167,6.063
98.6,6.218,7.589,5.427,6.764
98.7,6.905,7.529,5.347,5.535
98.8,6.575,7.696,4.905,6.203
98.9,6.995,7.862,5.280,5.818
99.0,6.630,7.625,5.706,5.381
99.1,6.620,7.467,5.205,5.208
99.2,6.208,7.603,4.996,5.991
99.3,6.555,7.010,4.634,6.208
99.4,6.728,7.265,5.052,6.236
99.5,6.713,7.224,4.936,5.803
99.6,6.594,7.525,5.468,5.632
99.7,6.278,6.952,5.355,5.183
99.8,6.186,7.178,4.916,5.797
99.9,5.914,6.908,4.937,6.276
100.0,6.373,7.416,5.183,5.724
100.1,6.578,7.253,5.004,5.845
100.2,6.742,7.378,5.025,5.892
100.3,6.294,7.580,5.124,6.396
