Time_ns,Rg_A
0.4,7.1392
0.5,7.0179
0.6,7.2199
0.7,7.2053
0.8,6.8390
0.9,6.8298
1.0,7.0444
1.1,6.7533
1.2,6.8031
1.3,6.7947
1.4,6.8762
1.5,7.0160
1.6,7.1967
1.7,7.2101
1.8,7.2931
1.9,7.1737
2.0,7.1549
2.1,7.0957
2.2,6.8791
2.3,6.7959
2.4,6.7957
2.5,6.8374
2.6,7.0165
2.7,7.3170
2.8,7.2427
2.9,7.1663
3.0,6.9430
3.1,7.0735
3.2,6.9667
3.3,7.0675
3.4,7.0783
3.5,7.0944
3.6,7.3583
3.7,7.4157
3.8,7.1142
3.9,7.0538
4.0,6.9376
4.1,6.6963
4.2,6.6835
4.3,6.7677
4.4,6.9326
4.5,7.1202
4.6,6.9527
4.7,6.8825
4.8,6.9630
4.9,6.8593
5.0,6.8649
5.1,6.8476
5.2,7.1271
5.3,6.9767
5.4,6.9464
5.5,6.9629
5.6,6.7900
5.7,6.8773
5.8,7.2052
5.9,7.1660
6.0,7.1953
6.1,6.9673
6.2,7.1794
6.3,6.8094
6.4,7.1368
6.5,6.9793
6.6,6.9647
6.7,6.8735
6.8,6.8115
6.9,6.8431
7.0,6.6722
7.1,6.7864
7.2,6.8239
7.3,6.9438
7.4,7.4717
7.5,7.2976
7.6,7.3172
7.7,7.3054
7.8,7.1312
7.9,7.2917
8.0,7.2509
8.1,7.3037
8.2,7.2378
8.3,7.4207
8.4,7.4522
8.5,7.3879
8.6,7.7431
8.7,6.9973
8.8,7.0203
8.9,7.0883
9.0,6.9993
9.1,7.0438
9.2,7.0572
9.3,7.3394
9.4,7.5126
9.5,7.1017
9.6,7.4382
9.7,7.2465
9.8,7.3329
9.9,7.2053
10.0,7.1502
10.1,7.0905
10.2,7.0141
10.3,6.8483
10.4,7.2308
10.5,7.4184
10.6,7.2375
10.7,7.3029
10.8,7.1514
10.9,7.1236
11.0,7.1643
11.1,7.4626
11.2,7.1393
11.3,7.2688
11.4,7.3329
11.5,7.2301
11.6,7.6118
11.7,7.2975
11.8,7.1389
11.9,7.1194
12.0,7.1105
12.1,7.2340
12.2,7.2183
12.3,7.2442
12.4,7.2664
12.5,7.1721
12.6,7.2311
12.7,7.1029
12.8,7.4347
12.9,7.8496
13.0,7.6055
13.1,7.4588
13.2,7.8131
13.3,7.3835
13.4,7.4086
13.5,7.5240
13.6,7.2906
13.7,7.5796
13.8,7.6143
13.9,7.4727
14.0,7.2613
14.1,7.1362
14.2,7.2288
14.3,7.2417
14.4,7.1025
14.5,7.1490
14.6,7.2338
14.7,7.2319
14.8,7.0890
14.9,7.3903
15.0,7.5954
15.1,7.1633
15.2,7.3417
15.3,7.4536
15.4,7.4172
15.5,7.4196
15.6,7.4132
15.7,7.2473
15.8,7.3953
15.9,7.4782
16.0,7.2357
16.1,6.8927
16.2,6.9487
16.3,6.9076
16.4,6.9588
16.5,7.0120
16.6,6.9378
16.7,6.8291
16.8,7.0197
16.9,6.7672
17.0,6.8601
17.1,6.7201
17.2,6.8183
17.3,7.0595
17.4,7.2085
17.5,7.3540
17.6,7.0696
17.7,7.0440
17.8,7.1547
17.9,6.8387
18.0,6.6917
18.1,6.8588
18.2,7.1052
18.3,7.0638
18.4,6.9715
18.5,7.0643
18.6,7.2274
18.7,7.0064
18.8,7.1016
18.9,7.0607
19.0,7.0354
19.1,7.1609
19.2,7.3626
19.3,7.2401
19.4,7.1679
19.5,7.2040
19.6,7.3408
19.7,7.3681
19.8,7.2606
19.9,7.3938
20.0,7.5396
20.1,7.4255
20.2,7.3693
20.3,7.4706
20.4,7.2306
20.5,7.3333
20.6,7.3360
20.7,7.2092
20.8,7.2888
20.9,7.1951
21.0,7.3139
21.1,7.1040
21.2,7.2956
21.3,7.0264
21.4,7.1829
21.5,7.3434
21.6,7.5640
21.7,7.1697
21.8,7.1768
21.9,7.7689
22.0,7.3441
22.1,7.2165
22.2,7.0925
22.3,6.9315
22.4,7.2819
22.5,7.3489
22.6,7.4064
22.7,7.0657
22.8,7.1371
22.9,7.6758
23.0,7.6257
23.1,7.5822
23.2,7.3450
23.3,7.1766
23.4,7.2064
23.5,7.0770
23.6,7.1199
23.7,6.9394
23.8,6.9718
23.9,6.8831
24.0,7.1883
24.1,7.1841
24.2,7.3102
24.3,7.0761
24.4,7.3587
24.5,7.2023
24.6,7.1503
24.7,7.3441
24.8,7.1128
24.9,7.1986
25.0,7.3193
25.1,7.0960
25.2,7.0209
25.3,7.0920
25.4,7.1321
25.5,7.0318
25.6,7.0894
25.7,7.0304
25.8,7.0643
25.9,7.1455
26.0,7.0132
26.1,6.9344
26.2,7.0116
26.3,6.9826
26.4,6.8768
26.5,6.9695
26.6,6.9074
26.7,6.8635
26.8,6.8222
26.9,7.0101
27.0,6.8696
27.1,6.9617
27.2,6.8862
27.3,6.9734
27.4,6.8397
27.5,6.9722
27.6,6.9172
27.7,6.7576
27.8,6.8363
27.9,6.8198
28.0,6.8400
28.1,6.8336
28.2,6.7962
28.3,6.8790
28.4,6.6459
28.5,6.9081
28.6,6.8564
28.7,6.9266
28.8,6.8494
28.9,6.8517
29.0,6.9061
29.1,6.8360
29.2,6.8953
29.3,6.7899
29.4,6.7985
29.5,6.8384
29.6,6.8001
29.7,6.7386
29.8,7.0438
29.9,6.8292
30.0,6.7952
30.1,6.9413
30.2,6.8320
30.3,6.7628
30.4,6.9006
30.5,6.8490
30.6,6.8821
30.7,6.8543
30.8,6.7448
30.9,6.8641
31.0,6.8511
31.1,6.9142
31.2,6.9202
31.3,6.8389
31.4,6.8146
31.5,6.7359
31.6,6.8620
31.7,6.8689
31.8,6.8790
31.9,7.0186
32.0,6.9908
32.1,6.8506
32.2,6.9332
32.3,6.7698
32.4,6.8334
32.5,6.8912
32.6,6.8252
32.7,6.7992
32.8,6.7956
32.9,6.8104
33.0,6.9952
33.1,6.9209
33.2,6.8265
33.3,6.7883
33.4,6.8543
33.5,6.6951
33.6,6.8291
33.7,6.6896
33.8,6.7441
33.9,6.7186
34.0,6.7435
34.1,6.5221
34.2,6.8783
34.3,6.7901
34.4,6.9645
34.5,6.8719
34.6,6.6496
34.7,6.8439
34.8,6.7369
34.9,7.0027
35.0,6.9069
35.1,6.7358
35.2,6.8682
35.3,6.8244
35.4,6.9070
35.5,6.8384
35.6,6.7483
35.7,7.1098
35.8,6.9287
35.9,7.0080
36.0,6.9966
36.1,7.1212
36.2,7.1015
36.3,6.8359
36.4,7.0219
36.5,7.0515
36.6,6.7835
36.7,7.0032
36.8,6.8669
36.9,6.8772
37.0,7.0025
37.1,6.9441
37.2,7.0516
37.3,6.9136
37.4,6.9592
37.5,7.2212
37.6,7.0989
37.7,6.8440
37.8,6.8695
37.9,6.9132
38.0,6.8313
38.1,6.9084
38.2,6.7769
38.3,6.8735
38.4,6.7515
38.5,6.8851
38.6,6.8986
38.7,6.8822
38.8,6.7537
38.9,6.9680
39.0,6.8973
39.1,6.9054
39.2,6.9526
39.3,6.9027
39.4,6.7885
39.5,6.7551
39.6,6.9079
39.7,6.8647
39.8,6.9327
39.9,6.9363
40.0,6.7941
40.1,6.8395
40.2,6.9007
40.3,6.8799
40.4,6.8774
40.5,6.8755
40.6,6.8393
40.7,6.9883
40.8,6.7799
40.9,6.7868
41.0,6.9577
41.1,6.9523
41.2,6.9822
41.3,6.9569
41.4,6.9629
41.5,7.0025
41.6,6.9396
41.7,6.9446
41.8,7.0589
41.9,7.0459
42.0,7.0081
42.1,7.0422
42.2,7.0661
42.3,6.9747
42.4,6.7842
42.5,6.7676
42.6,6.6983
42.7,6.9042
42.8,6.8141
42.9,6.7873
43.0,6.9035
43.1,6.7885
43.2,6.8129
43.3,6.8536
43.4,6.8352
43.5,6.8840
43.6,6.9156
43.7,6.8651
43.8,6.9454
43.9,6.8109
44.0,6.7462
44.1,6.9577
44.2,6.7825
44.3,6.8650
44.4,6.8135
44.5,6.7875
44.6,6.8428
44.7,6.8631
44.8,6.8339
44.9,6.7719
45.0,6.7066
45.1,6.9071
45.2,6.9411
45.3,6.8316
45.4,6.9088
45.5,6.8345
45.6,6.9306
45.7,6.9561
45.8,6.8904
45.9,6.8299
46.0,6.8443
46.1,6.8153
46.2,6.8837
46.3,6.8311
46.4,6.9146
46.5,6.7187
46.6,6.8151
46.7,6.7847
46.8,6.8737
46.9,6.8710
47.0,6.8161
47.1,6.8278
47.2,6.7579
47.3,6.7763
47.4,6.8109
47.5,6.6771
47.6,6.8384
47.7,6.8624
47.8,6.8655
47.9,6.8048
48.0,6.8542
48.1,6.9350
48.2,6.8807
48.3,6.7668
48.4,6.9624
48.5,6.8352
48.6,6.7542
48.7,6.8083
48.8,6.8650
48.9,6.7523
49.0,6.7689
49.1,6.8660
49.2,6.8236
49.3,6.8334
49.4,6.7731
49.5,6.8930
49.6,6.6941
49.7,6.8982
49.8,6.9043
49.9,6.8989
50.0,6.8155
50.1,6.8290
50.2,6.8801
50.3,6.8311
50.4,6.8462
50.5,6.7910
50.6,6.7556
50.7,6.8818
50.8,6.8090
50.9,6.8170
51.0,6.9131
51.1,6.7721
51.2,6.7279
51.3,6.8092
51.4,6.9095
51.5,6.8542
51.6,6.8623
51.7,6.8762
51.8,6.8026
51.9,7.0089
52.0,6.8865
52.1,6.8199
52.2,6.8220
52.3,6.8802
52.4,6.9352
52.5,6.8503
52.6,6.8463
52.7,6.8552
52.8,6.7483
52.9,6.9225
53.0,6.8761
53.1,6.7691
53.2,6.8513
53.3,6.9003
53.4,6.7559
53.5,6.7933
53.6,6.8115
53.7,6.8125
53.8,6.9172
53.9,6.7297
54.0,6.6718
54.1,6.8251
54.2,6.8002
54.3,6.7988
54.4,6.7972
54.5,6.8093
54.6,6.7671
54.7,6.8699
54.8,6.8843
54.9,6.8536
55.0,7.0112
55.1,6.8489
55.2,6.9041
55.3,6.8255
55.4,6.8037
55.5,6.7934
55.6,6.8342
55.7,6.7618
55.8,6.8971
55.9,6.7844
56.0,6.8218
56.1,6.8069
56.2,6.9372
56.3,6.8085
56.4,6.6866
56.5,6.7846
56.6,6.8741
56.7,6.8306
56.8,6.7620
56.9,6.9380
57.0,6.6698
57.1,6.7578
57.2,6.8917
57.3,6.8565
57.4,6.8329
57.5,6.8474
57.6,6.6643
57.7,6.7193
57.8,7.0628
57.9,6.7680
58.0,6.7957
58.1,6.9019
58.2,6.7781
58.3,6.8902
58.4,6.7392
58.5,6.8205
58.6,6.8585
58.7,6.7933
58.8,6.7874
58.9,6.8194
59.0,6.9402
59.1,6.9484
59.2,6.9104
59.3,6.9759
59.4,7.0883
59.5,6.9855
59.6,6.7531
59.7,6.8536
59.8,6.7943
59.9,6.7824
60.0,6.9204
60.1,6.8384
60.2,6.9108
60.3,6.7324
60.4,6.7634
60.5,6.8569
60.6,6.9813
60.7,7.1586
60.8,7.0478
60.9,6.9440
61.0,6.7464
61.1,6.6922
61.2,6.7756
61.3,7.1584
61.4,6.8087
61.5,6.9620
61.6,6.8527
61.7,7.0642
61.8,6.9146
61.9,7.0669
62.0,6.9609
62.1,7.0761
62.2,7.1687
62.3,6.8781
62.4,6.8129
62.5,6.7431
62.6,6.9358
62.7,6.8025
62.8,6.9315
62.9,7.0792
63.0,6.9150
63.1,7.1622
63.2,6.7930
63.3,6.7807
63.4,6.7602
63.5,6.9301
63.6,6.9213
63.7,7.0177
63.8,6.9833
63.9,6.8712
64.0,6.8389
64.1,7.1052
64.2,7.0418
64.3,6.9543
64.4,7.0234
64.5,7.0601
64.6,6.8986
64.7,6.9833
64.8,6.9573
64.9,6.7098
65.0,6.9897
65.1,6.7545
65.2,6.9345
65.3,6.8680
65.4,6.8113
65.5,6.8554
65.6,6.9162
65.7,6.9107
65.8,6.8956
65.9,6.7391
66.0,6.8843
66.1,6.7744
66.2,6.8537
66.3,6.6958
66.4,6.7954
66.5,6.8174
66.6,6.8978
66.7,6.7661
66.8,6.8587
66.9,6.9791
67.0,6.8358
67.1,6.7389
67.2,6.8221
67.3,6.7949
67.4,6.8740
67.5,6.8663
67.6,6.8086
67.7,6.7955
67.8,6.8794
67.9,6.8787
68.0,6.7869
68.1,6.7841
68.2,6.9470
68.3,6.7992
68.4,6.9140
68.5,6.7606
68.6,6.7954
68.7,6.7621
68.8,6.7892
68.9,6.7926
69.0,6.8069
69.1,6.8181
69.2,6.7574
69.3,6.8338
69.4,6.8385
69.5,6.7105
69.6,6.6711
69.7,6.9442
69.8,6.8466
69.9,6.8467
70.0,6.9343
70.1,6.7363
70.2,6.8172
70.3,6.8495
70.4,6.8983
70.5,6.8290
70.6,6.7988
70.7,6.9040
70.8,6.8260
70.9,6.8515
71.0,6.7969
71.1,6.7764
71.2,6.7147
71.3,6.8119
71.4,6.8794
71.5,6.8748
71.6,6.8329
71.7,6.7138
71.8,6.9939
71.9,6.9576
72.0,6.8579
72.1,6.6318
72.2,6.8518
72.3,7.0065
72.4,7.1827
72.5,7.1822
72.6,6.9175
72.7,6.8234
72.8,6.6751
72.9,6.8198
73.0,7.1077
73.1,6.7610
73.2,6.8975
73.3,7.0068
73.4,6.7760
73.5,6.9013
73.6,6.7828
73.7,6.8617
73.8,6.7443
73.9,7.0345
74.0,6.7797
74.1,6.9475
74.2,6.8211
74.3,7.0417
74.4,6.9781
74.5,6.8232
74.6,7.0420
74.7,6.8948
74.8,6.7763
74.9,6.8132
75.0,6.8947
75.1,6.8001
75.2,6.8013
75.3,7.0247
75.4,6.7858
75.5,6.9524
75.6,6.9198
75.7,6.8592
75.8,6.9171
75.9,6.9049
76.0,6.8936
76.1,6.8326
76.2,6.9027
76.3,6.8587
76.4,6.8276
76.5,6.7662
76.6,7.0328
76.7,6.9309
76.8,6.9020
76.9,6.8489
77.0,6.8581
77.1,6.7988
77.2,6.7982
77.3,6.8293
77.4,6.7610
77.5,6.9208
77.6,6.8667
77.7,6.8153
77.8,6.8948
77.9,6.7541
78.0,6.8548
78.1,6.7453
78.2,6.7333
78.3,6.8631
78.4,6.8863
78.5,6.8471
78.6,6.7529
78.7,6.9037
78.8,6.8178
78.9,6.9384
79.0,6.8841
79.1,6.7069
79.2,6.8330
79.3,6.8870
79.4,6.9003
79.5,6.9695
79.6,6.8373
79.7,6.7120
79.8,6.6940
79.9,6.6897
80.0,6.8171
80.1,6.7943
80.2,6.9272
80.3,6.8453
80.4,6.9935
80.5,6.8568
80.6,6.7763
80.7,6.8441
80.8,6.8768
80.9,6.8430
81.0,6.8033
81.1,6.8031
81.2,6.8033
81.3,6.8167
81.4,6.7938
81.5,6.8664
81.6,6.9134
81.7,6.8562
81.8,6.8149
81.9,6.9746
82.0,6.9789
82.1,6.9789
82.2,6.9056
82.3,6.7934
82.4,6.7916
82.5,6.7488
82.6,6.9419
82.7,6.8480
82.8,7.0411
82.9,6.8076
83.0,6.9104
83.1,6.8447
83.2,6.9334
83.3,6.8219
83.4,6.8544
83.5,6.9041
83.6,6.9850
83.7,6.8274
83.8,6.9118
83.9,6.9431
84.0,6.8472
84.1,6.8618
84.2,6.7906
84.3,6.8143
84.4,6.7409
84.5,6.8155
84.6,6.9370
84.7,6.8985
84.8,6.9302
84.9,6.7633
85.0,6.8158
85.1,6.8344
85.2,6.8424
85.3,6.7817
85.4,6.7878
85.5,6.8616
85.6,6.9886
85.7,6.8963
85.8,6.9240
85.9,6.9056
86.0,6.8904
86.1,6.8275
86.2,6.8113
86.3,6.8992
86.4,6.7694
86.5,6.8136
86.6,6.9652
86.7,6.8003
86.8,6.7622
86.9,6.8547
87.0,6.7770
87.1,6.7582
87.2,6.8850
87.3,6.7567
87.4,6.8461
87.5,6.8536
87.6,6.8232
87.7,6.7384
87.8,6.7607
87.9,6.8712
88.0,6.7684
88.1,6.8473
88.2,6.8920
88.3,6.8425
88.4,6.8871
88.5,6.7222
88.6,6.8079
88.7,6.9194
88.8,6.9137
88.9,6.8374
89.0,6.8885
89.1,6.8337
89.2,6.8909
89.3,6.8016
89.4,6.8299
89.5,6.9309
89.6,6.8493
89.7,6.8174
89.8,6.9627
89.9,6.8017
90.0,6.8727
90.1,6.8598
90.2,6.9518
90.3,6.8336
90.4,6.9176
90.5,6.9084
90.6,6.8746
90.7,6.7111
90.8,6.8276
90.9,6.8812
91.0,6.8135
91.1,6.7684
91.2,6.7548
91.3,6.7539
91.4,6.9358
91.5,6.8871
91.6,6.8179
91.7,6.8282
91.8,6.8190
91.9,6.8080
92.0,6.8301
92.1,6.8384
92.2,6.8944
92.3,7.0270
92.4,6.8245
92.5,6.8710
92.6,6.8386
92.7,6.7770
92.8,6.8219
92.9,6.8186
93.0,6.7668
93.1,6.9472
93.2,6.7600
93.3,6.8328
93.4,6.8340
93.5,6.6988
93.6,6.7485
93.7,6.7536
93.8,6.8065
93.9,6.8307
94.0,6.7209
94.1,6.7353
94.2,6.8979
94.3,6.8434
94.4,6.7720
94.5,6.7841
94.6,6.6975
94.7,6.8225
94.8,6.8733
94.9,6.8021
95.0,6.7648
95.1,6.8093
95.2,6.8475
95.3,6.7915
95.4,6.8293
95.5,6.8064
95.6,6.8718
95.7,6.8160
95.8,6.8046
95.9,6.8065
96.0,6.8406
96.1,6.7889
96.2,6.7659
96.3,6.7411
96.4,6.7668
96.5,6.8122
96.6,6.8306
96.7,6.8785
96.8,6.7785
96.9,6.7860
97.0,6.7972
97.1,6.8294
97.2,6.7851
97.3,6.8802
97.4,6.8665
97.5,6.7877
97.6,6.9466
97.7,6.8855
97.8,6.7495
97.9,6.7715
98.0,6.8264
98.1,6.9051
98.2,6.8149
98.3,6.9239
98.4,7.0420
98.5,6.9132
98.6,6.8707
98.7,6.7572
98.8,6.8590
98.9,6.8874
99.0,6.7759
99.1,6.7934
99.2,6.8768
99.3,6.8532
99.4,6.8980
99.5,6.8280
99.6,6.7623
99.7,6.7193
99.8,6.7663
99.9,6.8366
100.0,6.7231
100.1,6.8674
100.2,6.9021
100.3,6.8313
